id,kode_pohon,nama_lokal,nama_latin,Group,Icon,status_iucn,diameter,tinggi,unit_PS,jenis_lahan,nama_khas_wilayah,Latitude,Longitude,elevasi,jarak_permukiman,status_adopsi,nama_pengadopsi,masa_berlaku,nama_surveyor,waktu_survei,harga_adopsi,serapan_karbon,penyedia_bibit,metode_karbon,Image1,Image2,Image3,Image4,chart_link
1,MT0802,Tanjung,Mimusops elengi,Pohon Muda,icon/young_tree.svg,-,6,2,Tahura Sultan Syarif Qasim,Mineral,Bumi Perkemahan,0.682266,101.4261864,54.10378012,2.23,Belum,-,-,-,7/28/2021 10:59,"50,000.00",8.54,-,Krisnawati et al. (2012),media/1627462871550.jpg,media/1627462851534.jpg,media/1627462827811.jpg,media/1627462896080.jpg,adopsipohonriau/1
2,MT0803,Tanjung,Mimusops elengi,Pohon Muda,icon/young_tree.svg,-,8,2.2,Tahura Sultan Syarif Qasim,Mineral,Bumi Perkemahan,0.6822707,101.4262508,41.69025987,2.23,Belum,-,-,-,7/28/2021 12:07,"50,000.00",16.43,-,Krisnawati et al. (2012),media/1627463214622.jpg,media/1627463194125.jpg,media/1627463171243.jpg,media/1627463236937.jpg,adopsipohonriau/2
3,MT0804,Ketapang Kencana,-,Pohon Muda,icon/young_tree.svg,-,12,3,Tahura Sultan Syarif Qasim,Mineral,Bumi Perkemahan,0.6822835,101.42618,49.63889119,2.23,Belum,-,-,-,7/28/2021 1:13,"50,000.00",109.29,-,Brown (1997),media/1627463560207.jpg,media/1627463532094.jpg,media/1627463511400.jpg,media/1627463588086.jpg,adopsipohonriau/3
4,MT0805,Pulai,Alstonia scholaris,Pohon Muda,icon/young_tree.svg,-,8,2.5,Tahura Sultan Syarif Qasim,Mineral,Bumi Perkemahan,0.6822739,101.4262083,49.83350039,2.23,Belum,-,-,-,7/28/2021 2:17,"50,000.00",8.54,-,Krisnawati et al. (2012),media/1627463864772.jpg,media/1627463851471.jpg,media/1627463835724.jpg,media/1627463881592.jpg,adopsipohonriau/4
5,MT0806,Tanjung,Mimusops elengi,Pohon Muda,icon/young_tree.svg,-,6,2.3,Tahura Sultan Syarif Qasim,Mineral,Bumi Perkemahan,0.6823006,101.4261356,48.44067635,2.23,Belum,-,-,-,7/28/2021 3:23,"50,000.00",9.79,-,Krisnawati et al. (2012),media/1627464232136.jpg,media/1627464209269.jpg,media/1627464186716.jpg,media/1627464246027.jpg,adopsipohonriau/5
6,MT0872,Pagar-pagar,Ixonanthes icosandra,Pohon Dewasa,icon/mature_tree.svg,-,41,15,Tahura Sultan Syarif Qasim,Mineral,Km 4,0.6930682,101.4201987,49.98025503,2.1,Belum,-,-,-,8/18/2021 10:36,"200,000.00","2,061.17",-,Krisnawati et al. (2012),media/1629257799152.jpg,media/1629257862009.jpg,media/1629257851464.jpg,media/1629257910938.jpg,adopsipohonriau/6
7,MT0873,Lalan,Santiria laevigata,Pohon Muda,icon/young_tree.svg,-,30,17,Tahura Sultan Syarif Qasim,Mineral,Km 4,0.6931286,101.4201604,35.16657821,2.1,Belum,-,-,-,8/18/2021 11:40,"50,000.00","1,046.75",-,Krisnawati et al. (2012),media/1629258118317.jpg,media/1629258142836.jpg,media/1629258132378.jpg,media/1629258152752.jpg,adopsipohonriau/7
8,MT0874,Kelat,Eugenia sp.,Pohon Dewasa,icon/mature_tree.svg,-,89,22,Tahura Sultan Syarif Qasim,Mineral,Km 4,0.6931082,101.4200699,63.98359658,2.11,Belum,-,-,-,8/18/2021 12:46,"200,000.00","14,427.35",-,Krisnawati et al. (2012),media/1629258426692.jpg,media/1629258412447.jpg,media/1629258400620.jpg,media/1629258438514.jpg,adopsipohonriau/8
9,MT0875,Rambai Burung,-,Pohon Muda,icon/young_tree.svg,-,35,16,Tahura Sultan Syarif Qasim,Mineral,Km 4,0.6930672,101.4201395,73.50019191,2.11,Belum,-,-,-,8/18/2021 1:49,"50,000.00","1,639.62",-,Brown (1997),media/1629258610799.jpg,media/1629258597540.jpg,media/1629258587276.jpg,media/1629258625230.jpg,adopsipohonriau/9
10,MT0876,Mersawa,Anisoptera sp.,Pohon Muda,icon/young_tree.svg,-,33,33,Tahura Sultan Syarif Qasim,Mineral,Km 4,0.6931407,101.4200255,52.16349763,2.12,Belum,-,-,-,8/18/2021 2:53,"50,000.00","2,704.80",-,Krisnawati et al. (2012),media/1629258804458.jpg,media/1629258858394.jpg,media/1629258842039.jpg,media/1629258825073.jpg,adopsipohonriau/10
11,MT0877,Singkawang,Shorea singkawang,Pohon Muda,icon/young_tree.svg,-,32,12,Tahura Sultan Syarif Qasim,Mineral,Km 1,0.6777923,101.4276661,47.95128191,1.9,Belum,-,-,-,8/18/2021 7:18,"50,000.00",819.50,-,Krisnawati et al. (2012),media/1629271239570.jpg,media/1629271282256.jpg,media/1629271263343.jpg,media/1629271162168.jpg,adopsipohonriau/11
12,MT0878,Merimbungan,Callerya atropurpurea,Pohon Muda,icon/young_tree.svg,-,32,19,Tahura Sultan Syarif Qasim,Mineral,Km 1,0.6776767,101.4276921,52.94965593,1.89,Belum,-,-,-,8/18/2021 8:24,"50,000.00","1,507.20",-,Krisnawati et al. (2012),media/1629271507417.jpg,media/1629271493135.jpg,media/1629271480498.jpg,media/1629271522347.jpg,adopsipohonriau/12
13,MT0879,Tempinis,Sloetia elongata,Pohon Muda,icon/young_tree.svg,-,34,18,Tahura Sultan Syarif Qasim,Mineral,Km 1,0.6777789,101.4278197,80.63637265,1.9,Belum,-,-,-,8/18/2021 9:27,"50,000.00","2,265.87",-,Krisnawati et al. (2012),media/1629271663404.jpg,media/1629271683970.jpg,media/1629271673478.jpg,media/1629271699007.jpg,adopsipohonriau/13
14,MT0880,Medang,Litsea angulata,Pohon Dewasa,icon/mature_tree.svg,-,43,18,Tahura Sultan Syarif Qasim,Mineral,Km 1,0.6778636,101.4277941,42.81874535,1.91,Belum,-,-,-,8/18/2021 10:30,"200,000.00","2,049.42",-,Krisnawati et al. (2012),media/1629271848489.jpg,media/1629271916125.jpg,media/1629271893860.jpg,media/1629271861747.jpg,adopsipohonriau/14
15,MT0881,Petaling,Ochanostachys amentacea,Pohon Dewasa,icon/mature_tree.svg,-,47,20,Tahura Sultan Syarif Qasim,Mineral,Km 1,0.6778955,101.4278674,47.89983131,1.92,Belum,-,-,-,8/18/2021 11:34,"200,000.00","4,451.87",-,Krisnawati et al. (2012),media/1629272068813.jpg,media/1629272124704.jpg,media/1629272096452.jpg,media/1629272142609.jpg,adopsipohonriau/15
16,MT0882,Meranti,Shorea sp.,Pohon Dewasa,icon/mature_tree.svg,-,42,23,Tahura Sultan Syarif Qasim,Mineral,Km 1,0.6778938,101.4278078,57.00254069,1.92,Belum,-,-,-,8/18/2021 12:37,"200,000.00","2,834.70",-,Krisnawati et al. (2012),media/1629272316231.jpg,media/1629272302474.jpg,media/1629272283836.jpg,media/1629272325237.jpg,adopsipohonriau/16
17,MT0883,Marpoyan,Litsea angulata,Pohon Muda,icon/young_tree.svg,-,35,21,Tahura Sultan Syarif Qasim,Mineral,Km 1,0.6778822,101.4279525,51.89084046,1.92,Belum,-,-,-,8/18/2021 1:45,"50,000.00","1,390.14",-,Krisnawati et al. (2012),media/1629272764783.jpg,media/1629272843286.jpg,media/1629272828112.jpg,media/1629272812708.jpg,adopsipohonriau/17
18,MT0884,Terap,Artocarpus elasticus,Pohon Dewasa,icon/mature_tree.svg,-,50,24,Tahura Sultan Syarif Qasim,Mineral,Km 1,0.6779851,101.4279897,40.90520963,1.93,Belum,-,-,-,8/18/2021 2:50,"200,000.00","3,328.63",-,Krisnawati et al. (2012),media/1629273042231.jpg,media/1629273073871.jpg,media/1629273061041.jpg,media/1629273154658.jpg,adopsipohonriau/18
19,MT0885,Meranti,Shorea sp.,Pohon Dewasa,icon/mature_tree.svg,-,48,22,Tahura Sultan Syarif Qasim,Mineral,Km 1,0.6780248,101.4278807,61.71521352,1.93,Belum,-,-,-,8/18/2021 3:53,"200,000.00","3,522.62",-,Krisnawati et al. (2012),media/1629273299875.jpg,media/1629273284592.jpg,media/1629273269835.jpg,media/1629273332192.jpg,adopsipohonriau/19
20,MT0886,Terap,Artocarpus elasticus,Pohon Dewasa,icon/mature_tree.svg,-,55,20,Tahura Sultan Syarif Qasim,Mineral,Km 1,0.6780259,101.4277295,25.72507202,1.93,Belum,-,-,-,8/18/2021 4:55,"200,000.00","3,355.70",-,Krisnawati et al. (2012),media/1629273437305.jpg,media/1629273426057.jpg,media/1629273412830.jpg,media/1629273448824.jpg,adopsipohonriau/20
21,MT0887,Tempunik,Artocarpus rigidus,Pohon Dewasa,icon/mature_tree.svg,-,52,19,Tahura Sultan Syarif Qasim,Mineral,Km 1,0.6766554,101.4283796,28.01866277,1.8,Belum,-,-,-,8/19/2021 12:51,"200,000.00","3,194.87",-,Krisnawati et al. (2012),media/1629341509038.jpg,media/1629341550061.jpg,media/1629341537273.jpg,media/1629341522830.jpg,adopsipohonriau/21
22,MT0888,Medang,Litsea angulata,Pohon Muda,icon/young_tree.svg,-,39,22,Tahura Sultan Syarif Qasim,Mineral,Km 1,0.6766961,101.4285218,5.126890968,1.81,Belum,-,-,-,8/19/2021 1:53,"50,000.00","2,060.24",-,Krisnawati et al. (2012),media/1629341654223.jpg,media/1629341710537.jpg,media/1629341686240.jpg,media/1629341667650.jpg,adopsipohonriau/22
23,MT0889,Kedondong,Dacryodes angulata,Pohon Muda,icon/young_tree.svg,-,33,17,Tahura Sultan Syarif Qasim,Mineral,Km 1,0.6767371,101.428478,55.30106402,1.81,Belum,-,-,-,8/19/2021 2:57,"50,000.00","1,489.32",-,Krisnawati et al. (2012),media/1629341834789.jpg,media/1629341874450.jpg,media/1629341865854.jpg,media/1629341851414.jpg,adopsipohonriau/23
24,MT0890,Parak,Aglaia sp.,Pohon Muda,icon/young_tree.svg,-,33,17,Tahura Sultan Syarif Qasim,Mineral,Km 1,0.6768894,101.4285231,75.98689269,1.83,Belum,-,-,-,8/19/2021 4:14,"50,000.00","1,887.85",-,Krisnawati et al. (2012),media/1629342890579.jpg,media/1629342958793.jpg,media/1629342949467.jpg,media/1629342924481.jpg,adopsipohonriau/24
25,MT0891,Singkawang,Shorea singkawang,Pohon Muda,icon/young_tree.svg,-,30,18,Tahura Sultan Syarif Qasim,Mineral,Km 1,0.6769099,101.4286023,85.8315866,1.83,Belum,-,-,-,8/19/2021 5:17,"50,000.00","1,073.25",-,Krisnawati et al. (2012),media/1629343048691.jpg,media/1629343103420.jpg,media/1629343093178.jpg,media/1629343074280.jpg,adopsipohonriau/25
26,MT0892,Siluk,Gironniera parvifolia,Pohon Muda,icon/young_tree.svg,-,30,16,Tahura Sultan Syarif Qasim,Mineral,Km 1,0.6768576,101.4285231,67.4542736,1.83,Belum,-,-,-,8/19/2021 6:19,"50,000.00","1,110.12",-,Brown (1997),media/1629343209446.jpg,media/1629343247683.jpg,media/1629343237555.jpg,media/1629343218252.jpg,adopsipohonriau/26
27,MT0893,Pisang-pisang,Xylopia Spp,Pohon Dewasa,icon/mature_tree.svg,-,54,24,Tahura Sultan Syarif Qasim,Mineral,Km 1,0.6769504,101.4286722,52.14044886,1.84,Belum,-,-,-,8/19/2021 7:26,"200,000.00","4,911.42",-,Brown (1997),media/1629343628910.jpg,media/1629343714454.jpg,media/1629343704347.jpg,media/1629343646106.jpg,adopsipohonriau/27
28,MT0894,Meranti Pirang,Shorea leprosula,Pohon Muda,icon/young_tree.svg,-,39,25,Tahura Sultan Syarif Qasim,Mineral,Km 1,0.6768531,101.4285924,70.13697584,1.83,Belum,-,-,-,8/19/2021 8:29,"50,000.00","2,115.77",-,Krisnawati et al. (2012),media/1629343826001.jpg,media/1629343889806.jpg,media/1629343871675.jpg,media/1629343840879.jpg,adopsipohonriau/28
29,MT0895,Barangan,Castanopsis inermis,Pohon Muda,icon/young_tree.svg,-,36,20,Tahura Sultan Syarif Qasim,Mineral,Km 1,0.6768234,101.4286751,41.60739227,1.83,Belum,-,-,-,8/19/2021 9:33,"50,000.00","2,246.07",-,Krisnawati et al. (2012),media/1629344015112.jpg,media/1629344068677.jpg,media/1629344036290.jpg,media/1629344023080.jpg,adopsipohonriau/29
30,MT0896,Kelumpang,Sterculia spp,Pohon Muda,icon/young_tree.svg,-,32,17,Tahura Sultan Syarif Qasim,Mineral,Km 1,0.6768599,101.4286923,51.63014875,1.83,Belum,-,-,-,8/19/2021 10:47,"50,000.00","1,307.02",-,Brown (1997),media/1629344859054.jpg,media/1629344914531.jpg,media/1629344903742.jpg,media/1629344881160.jpg,adopsipohonriau/30
31,MT0897,Balam Ketawa,-,Pohon Dewasa,icon/mature_tree.svg,-,45,20,Tahura Sultan Syarif Qasim,Mineral,Km 1,0.6767298,101.4287027,25.31072345,1.82,Belum,-,-,-,8/19/2021 11:50,"200,000.00","3,096.56",-,Brown (1997),media/1629345048165.jpg,media/1629345087529.jpg,media/1629345066892.jpg,media/1629345056841.jpg,adopsipohonriau/31
32,MT0898,Meranti,Shorea sp.,Pohon Muda,icon/young_tree.svg,-,35,19,Tahura Sultan Syarif Qasim,Mineral,Km 1,0.6767161,101.4286352,38.28487738,1.81,Belum,-,-,-,8/19/2021 12:53,"50,000.00","1,648.02",-,Krisnawati et al. (2012),media/1629345228345.jpg,media/1629345252800.jpg,media/1629345239575.jpg,media/1629345266165.jpg,adopsipohonriau/32
33,MT0899,Balam Putih,Madhuca ovata ,Pohon Muda,icon/young_tree.svg,-,30,17,Tahura Sultan Syarif Qasim,Mineral,Km 1,0.6767206,101.4286664,31.09705198,1.82,Belum,-,-,-,8/19/2021 1:56,"50,000.00","1,147.67",-,Krisnawati et al. (2012),media/1629345464339.jpg,media/1629345454389.jpg,media/1629345444935.jpg,media/1629345472559.jpg,adopsipohonriau/33
34,MT0900,Meranti,Shorea sp.,Pohon Muda,icon/young_tree.svg,-,31,19,Tahura Sultan Syarif Qasim,Mineral,Km 1,0.6766429,101.4286153,58.03754058,1.81,Belum,-,-,-,8/19/2021 2:59,"50,000.00","1,300.41",-,Krisnawati et al. (2012),media/1629345568468.jpg,media/1629345602669.jpg,media/1629345594542.jpg,media/1629345577624.jpg,adopsipohonriau/34
35,MT0901,Meranti,Shorea sp.,Pohon Dewasa,icon/mature_tree.svg,-,41,20,Tahura Sultan Syarif Qasim,Mineral,Km 1,0.6767503,101.4286256,69.8961268,1.82,Belum,-,-,-,8/19/2021 4:24,"200,000.00","2,359.60",-,Krisnawati et al. (2012),media/1629347104538.jpg,media/1629347132004.jpg,media/1629347122993.jpg,media/1629347112887.jpg,adopsipohonriau/35
36,MT0902,Tempinis,Sloetia elongata,Pohon Muda,icon/young_tree.svg,-,35,15,Tahura Sultan Syarif Qasim,Mineral,Km 1,0.6765974,101.4284002,70.71377866,1.79,Belum,-,-,-,8/19/2021 5:27,"50,000.00","2,006.91",-,Krisnawati et al. (2012),media/1629347247758.jpg,media/1629347275592.jpg,media/1629347265908.jpg,media/1629347255318.jpg,adopsipohonriau/36
37,MT0903,Terap,Artocarpus elasticus,Pohon Muda,icon/young_tree.svg,-,35,17,Tahura Sultan Syarif Qasim,Mineral,Km 1,0.6765771,101.4284963,63.31742848,1.79,Belum,-,-,-,8/19/2021 6:29,"50,000.00","1,185.03",-,Krisnawati et al. (2012),media/1629347358565.jpg,media/1629347386826.jpg,media/1629347377312.jpg,media/1629347366765.jpg,adopsipohonriau/37
38,MT0904,Medang,Litsea angulata,Pohon Dewasa,icon/mature_tree.svg,-,45,24,Tahura Sultan Syarif Qasim,Mineral,Km 1,0.6765805,101.4285552,47.60645222,1.8,Belum,-,-,-,8/19/2021 7:30,"200,000.00","2,965.60",-,Krisnawati et al. (2012),media/1629347451488.jpg,media/1629347486734.jpg,media/1629347471877.jpg,media/1629347459547.jpg,adopsipohonriau/38
39,MT0905,Tempunik,Artocarpus rigidus,Pohon Muda,icon/young_tree.svg,-,30,16,Tahura Sultan Syarif Qasim,Mineral,Km 1,0.6765626,101.4286031,40.36287711,1.8,Belum,-,-,-,8/19/2021 8:32,"50,000.00",923.24,-,Krisnawati et al. (2012),media/1629347594623.jpg,media/1629347648505.jpg,media/1629347633781.jpg,media/1629347603072.jpg,adopsipohonriau/39
40,MT0906,Tempunik,Artocarpus rigidus,Pohon Muda,icon/young_tree.svg,-,33,17,Tahura Sultan Syarif Qasim,Mineral,Km 1,0.6765416,101.4284348,37.19923572,1.79,Belum,-,-,-,8/19/2021 9:35,"50,000.00","1,179.80",-,Krisnawati et al. (2012),media/1629347779556.jpg,media/1629347766692.jpg,media/1629347757795.jpg,media/1629347789677.jpg,adopsipohonriau/40
41,MT0907,Parak,Aglaia sp.,Pohon Muda,icon/young_tree.svg,-,31,16,Tahura Sultan Syarif Qasim,Mineral,Km 1,0.6764953,101.4286751,45.52311455,1.79,Belum,-,-,-,8/19/2021 10:38,"50,000.00","1,574.96",-,Krisnawati et al. (2012),media/1629347920954.jpg,media/1629347940404.jpg,media/1629347928921.jpg,media/1629347909787.jpg,adopsipohonriau/41
42,MT0908,Tempinis,Sloetia elongata,Pohon Muda,icon/young_tree.svg,-,38,15,Tahura Sultan Syarif Qasim,Mineral,Km 1,0.6763316,101.428366,69.83673657,1.76,Belum,-,-,-,8/19/2021 1:50,"50,000.00","2,356.38",-,Krisnawati et al. (2012),media/1629355863616.jpg,media/1629355897472.jpg,media/1629355889545.jpg,media/1629355879817.jpg,adopsipohonriau/42
43,MT0909,Tempunik,Artocarpus rigidus,Pohon Muda,icon/young_tree.svg,-,30,17,Tahura Sultan Syarif Qasim,Mineral,Km 1,0.6764208,101.4283643,55.70808921,1.77,Belum,-,-,-,8/19/2021 2:52,"50,000.00",979.51,-,Krisnawati et al. (2012),media/1629355989299.jpg,media/1629356018031.jpg,media/1629356006461.jpg,media/1629355997149.jpg,adopsipohonriau/43
44,MT0910,Sindur,Sindora sp,Pohon Muda,icon/young_tree.svg,-,35,19,Tahura Sultan Syarif Qasim,Mineral,Km 1,0.6764969,101.4283743,46.04786413,1.78,Belum,-,-,-,8/19/2021 3:56,"50,000.00","1,639.62",-,Brown (1997),media/1629356209116.jpg,media/1629356245255.jpg,media/1629356234310.jpg,media/1629356267586.jpg,adopsipohonriau/44
45,MT0911,Parak,Aglaia sp.,Pohon Muda,icon/young_tree.svg,-,33,19,Tahura Sultan Syarif Qasim,Mineral,Km 1,0.6765044,101.4283305,33.24733041,1.78,Belum,-,-,-,8/19/2021 4:58,"50,000.00","2,104.32",-,Krisnawati et al. (2012),media/1629356344223.jpg,media/1629356376645.jpg,media/1629356365204.jpg,media/1629356355246.jpg,adopsipohonriau/45
46,MT0912,Tempunik,Artocarpus rigidus,Pohon Muda,icon/young_tree.svg,-,33,18,Tahura Sultan Syarif Qasim,Mineral,Km 1,0.6764325,101.4284201,59.1657363,1.78,Belum,-,-,-,8/19/2021 6:01,"50,000.00","1,247.49",-,Krisnawati et al. (2012),media/1629356490873.jpg,media/1629356525930.jpg,media/1629356510211.jpg,media/1629356499637.jpg,adopsipohonriau/46
47,MT0913,Siluk,Gironniera parvifolia,Pohon Muda,icon/young_tree.svg,-,34,18,Tahura Sultan Syarif Qasim,Mineral,Km 1,0.6763648,101.4286504,27.4891574,1.78,Belum,-,-,-,8/19/2021 7:03,"50,000.00","1,523.68",-,Brown (1997),media/1629356721313.jpg,media/1629356777911.jpg,media/1629356762505.jpg,media/1629356747621.jpg,adopsipohonriau/47
48,MT0914,Tempinis,Sloetia elongata,Pohon Dewasa,icon/mature_tree.svg,-,46,18,Tahura Sultan Syarif Qasim,Mineral,Km 1,0.6763982,101.4285604,30.87130411,1.78,Belum,-,-,-,8/19/2021 8:07,"200,000.00","4,087.82",-,Krisnawati et al. (2012),media/1629356856632.jpg,media/1629356893632.jpg,media/1629356881510.jpg,media/1629356869536.jpg,adopsipohonriau/48
49,MT0915,Rambutan Hutan,Pometia,Pohon Muda,icon/young_tree.svg,Least Concern,31,20,Tahura Sultan Syarif Qasim,Mineral,Km 1,0.6764135,101.4285262,63.63887607,1.78,Belum,-,-,-,8/19/2021 9:09,"50,000.00","1,738.09",-,Krisnawati et al. (2012),media/1629356991302.jpg,media/1629357031120.jpg,media/1629357021232.jpg,media/1629357004610.jpg,adopsipohonriau/49
50,MT0916,Barangan,Castanopsis inermis,Pohon Dewasa,icon/mature_tree.svg,-,44,18,Tahura Sultan Syarif Qasim,Mineral,Km 1,0.6764085,101.4284599,64.87779565,1.78,Belum,-,-,-,8/19/2021 10:13,"200,000.00","2,998.34",-,Krisnawati et al. (2012),media/1629357194113.jpg,media/1629357231633.jpg,media/1629357218844.jpg,media/1629357207424.jpg,adopsipohonriau/50
51,MT0917,Merimbungan,Callerya atropurpurea,Pohon Muda,icon/young_tree.svg,-,33,20,Tahura Sultan Syarif Qasim,Mineral,Km 1,0.6763467,101.4284361,34.78344518,1.77,Belum,-,-,-,8/19/2021 11:17,"50,000.00","1,682.67",-,Krisnawati et al. (2012),media/1629357466030.jpg,media/1629357486385.jpg,media/1629357475517.jpg,media/1629357454154.jpg,adopsipohonriau/51
52,MT0918,Tempunik,Artocarpus rigidus,Pohon Muda,icon/young_tree.svg,-,31,18,Tahura Sultan Syarif Qasim,Mineral,Km 1,0.6763227,101.4284924,66.8326515,1.77,Belum,-,-,-,8/19/2021 12:18,"50,000.00","1,104.17",-,Krisnawati et al. (2012),media/1629357581454.jpg,media/1629357607651.jpg,media/1629357597269.jpg,media/1629357565724.jpg,adopsipohonriau/52
53,MT0919,Parak,Aglaia sp.,Pohon Muda,icon/young_tree.svg,-,34,19,Tahura Sultan Syarif Qasim,Mineral,Km 1,0.6763034,101.4285653,60.11137543,1.77,Belum,-,-,-,8/19/2021 1:20,"50,000.00","2,230.59",-,Krisnawati et al. (2012),media/1629357704702.jpg,media/1629357694692.jpg,media/1629357686162.jpg,media/1629357714320.jpg,adopsipohonriau/53
54,MT0920,Terap,Artocarpus elasticus,Pohon Muda,icon/young_tree.svg,-,39,15,Tahura Sultan Syarif Qasim,Mineral,Km 1,0.6761514,101.4285053,62.97908758,1.75,Belum,-,-,-,8/19/2021 2:35,"50,000.00","1,295.43",-,Krisnawati et al. (2012),media/1629358565924.jpg,media/1629358553512.jpg,media/1629358535495.jpg,media/1629358585762.jpg,adopsipohonriau/54
55,MT0921,Tempunik,Artocarpus rigidus,Pohon Muda,icon/young_tree.svg,-,39,18,Tahura Sultan Syarif Qasim,Mineral,Km 1,0.6762706,101.4286297,16.56873211,1.77,Belum,-,-,-,8/19/2021 3:37,"50,000.00","1,728.44",-,Krisnawati et al. (2012),media/1629358724891.jpg,media/1629358714703.jpg,media/1629358700802.jpg,media/1629358737140.jpg,adopsipohonriau/55
56,MT0922,Tempunik,Artocarpus rigidus,Pohon Dewasa,icon/mature_tree.svg,-,57,27,Tahura Sultan Syarif Qasim,Mineral,Km 1,0.6763128,101.428571,29.84462625,1.77,Belum,-,-,-,8/19/2021 4:39,"200,000.00","5,385.55",-,Krisnawati et al. (2012),media/1629358832305.jpg,media/1629358820057.jpg,media/1629358810473.jpg,media/1629358841166.jpg,adopsipohonriau/56
57,MT0923,Kelumpang,Sterculia spp,Pohon Dewasa,icon/mature_tree.svg,-,46,23,Tahura Sultan Syarif Qasim,Mineral,Km 1,0.676373,101.4287285,55.86583459,1.78,Belum,-,-,-,8/19/2021 5:41,"200,000.00","3,273.62",-,Brown (1997),media/1629358947685.jpg,media/1629358936727.jpg,media/1629358928088.jpg,media/1629358958361.jpg,adopsipohonriau/57
58,MT0924,Kandis,Garcinia sp.,Pohon Dewasa,icon/mature_tree.svg,-,41,22,Tahura Sultan Syarif Qasim,Mineral,Km 1,0.6764028,101.4288594,22.23618783,1.79,Belum,-,-,-,8/19/2021 6:43,"200,000.00","3,784.23",-,Krisnawati et al. (2012),media/1629359056669.jpg,media/1629359041051.jpg,media/1629359032060.jpg,media/1629359066618.jpg,adopsipohonriau/58
59,MT0925,Kelat,Eugenia sp.,Pohon Muda,icon/young_tree.svg,-,37,23,Tahura Sultan Syarif Qasim,Mineral,Km 1,0.6763585,101.4287396,72.16488563,1.78,Belum,-,-,-,8/19/2021 7:45,"50,000.00","2,716.12",-,Krisnawati et al. (2012),media/1629359160303.jpg,media/1629359147437.jpg,media/1629359138314.jpg,media/1629359169938.jpg,adopsipohonriau/59
60,MT0926,Parak,Aglaia sp.,Pohon Muda,icon/young_tree.svg,-,38,22,Tahura Sultan Syarif Qasim,Mineral,Km 1,0.6766044,101.4287847,51.61788626,1.81,Belum,-,-,-,8/19/2021 8:47,"50,000.00","3,197.80",-,Krisnawati et al. (2012),media/1629359291078.jpg,media/1629359275208.jpg,media/1629359267834.jpg,media/1629359310894.jpg,adopsipohonriau/60
61,MT0927,Jelutung,Dyera costulata,Pohon Muda,icon/young_tree.svg,Least Concern,35,26,Tahura Sultan Syarif Qasim,Mineral,Km 1,0.6764777,101.4287826,45.41140954,1.79,Belum,-,-,-,8/19/2021 9:50,"50,000.00","1,616.97",-,Krisnawati et al. (2012),media/1629359472513.jpg,media/1629359459832.jpg,media/1629359450295.jpg,media/1629359489717.jpg,adopsipohonriau/61
62,MT0928,Singkawang,Shorea singkawang,Pohon Muda,icon/young_tree.svg,-,31,18,Tahura Sultan Syarif Qasim,Mineral,Km 1,0.6766108,101.4287839,45.56121707,1.81,Belum,-,-,-,8/19/2021 10:53,"50,000.00","1,144.19",-,Krisnawati et al. (2012),media/1629359663018.jpg,media/1629359652928.jpg,media/1629359643256.jpg,media/1629359671749.jpg,adopsipohonriau/62
63,MT0929,Simpur,Dillenia grandifolia,Pohon Muda,icon/young_tree.svg,-,39,20,Tahura Sultan Syarif Qasim,Mineral,Km 1,0.6765552,101.4290002,30.80342202,1.81,Belum,-,-,-,8/19/2021 11:55,"50,000.00","2,551.06",-,Krisnawati et al. (2012),media/1629359769788.jpg,media/1629359814676.jpg,media/1629359792242.jpg,media/1629359782663.jpg,adopsipohonriau/63
64,MT0931,Kelat,Eugenia sp.,Pohon Dewasa,icon/mature_tree.svg,-,65,20,Tahura Sultan Syarif Qasim,Mineral,Km 1,0.6766136,101.4287883,0.9662137,1.81,Belum,-,-,-,8/19/2021 12:58,"200,000.00","7,118.44",-,Krisnawati et al. (2012),media/1629359912986.jpg,media/1629359977857.jpg,media/1629359958215.jpg,media/1629359929523.jpg,adopsipohonriau/64
65,MT0930,Kelat,Eugenia sp.,Pohon Muda,icon/young_tree.svg,-,36,18,Tahura Sultan Syarif Qasim,Mineral,Km 1,0.6766585,101.4287114,49.66224375,1.81,Belum,-,-,-,8/19/2021 2:00,"50,000.00","2,026.85",-,Krisnawati et al. (2012),media/1629360070983.jpg,media/1629360060761.jpg,media/1629360049876.jpg,media/1629360080793.jpg,adopsipohonriau/65
66,MT0932,Petatal,Ochanostachys amentacea,Pohon Dewasa,icon/mature_tree.svg,-,49,21,Tahura Sultan Syarif Qasim,Mineral,Km 1,0.6766219,101.4288925,59.56504832,1.81,Belum,-,-,-,8/19/2021 3:02,"200,000.00","5,064.67",-,Krisnawati et al. (2012),media/1629360181071.jpg,media/1629360236322.jpg,media/1629360218108.jpg,media/1629360192108.jpg,adopsipohonriau/66
67,MT0933,Belayang,Aglaia spectabilis ,Pohon Muda,icon/young_tree.svg,-,39,14,Tahura Sultan Syarif Qasim,Mineral,Km 1,0.6728111,101.4293898,73.31008351,1.44,Belum,-,-,-,8/23/2021 10:34,"50,000.00","2,155.98",-,Brown (1997),media/1629686091985.jpg,media/1629686136468.jpg,media/1629686122910.jpg,media/1629686108355.jpg,adopsipohonriau/67
68,MT0934,Tempinis,Sloetia elongata,Pohon Muda,icon/young_tree.svg,-,34,15,Tahura Sultan Syarif Qasim,Mineral,Km 1,0.672845,101.4293312,44.17787637,1.44,Belum,-,-,-,8/23/2021 11:37,"50,000.00","1,896.50",-,Krisnawati et al. (2012),media/1629686233598.jpg,media/1629686267428.jpg,media/1629686258169.jpg,media/1629686248312.jpg,adopsipohonriau/68
69,MT0935,Pulai,Alstonia scholaris,Pohon Dewasa,icon/mature_tree.svg,-,41,15,Tahura Sultan Syarif Qasim,Mineral,Km 1,0.6729339,101.42932,58.93014095,1.45,Belum,-,-,-,8/23/2021 12:40,"200,000.00","1,191.69",-,Krisnawati et al. (2012),media/1629686480616.jpg,media/1629686465783.jpg,media/1629686454147.jpg,media/1629686490868.jpg,adopsipohonriau/69
70,MT0936,Mahoni,Swietenia macrophylla,Pohon Muda,icon/young_tree.svg,-,39,18,Tahura Sultan Syarif Qasim,Mineral,Km 1,0.6728366,101.4292317,74.24245639,1.44,Belum,-,-,-,8/23/2021 1:43,"50,000.00","1,721.51",-,Krisnawati et al. (2012),media/1629686642133.jpg,media/1629686628114.jpg,media/1629686617613.jpg,media/1629686651144.jpg,adopsipohonriau/70
71,MT0937,Kelat,Eugenia sp.,Pohon Muda,icon/young_tree.svg,-,32,18,Tahura Sultan Syarif Qasim,Mineral,Km 1,0.6729211,101.4292732,71.07496116,1.45,Belum,-,-,-,8/23/2021 2:45,"50,000.00","1,610.54",-,Krisnawati et al. (2012),media/1629686842012.jpg,media/1629686806367.jpg,media/1629686795365.jpg,media/1629686779206.jpg,adopsipohonriau/71
72,MT0938,Rambutan Hutan,Pometia,Pohon Dewasa,icon/mature_tree.svg,Least Concern,45,16,Tahura Sultan Syarif Qasim,Mineral,Km 1,0.6728007,101.4292649,63.03302962,1.43,Belum,-,-,-,8/23/2021 3:48,"200,000.00","2,893.48",-,Krisnawati et al. (2012),media/1629686995598.jpg,media/1629686977573.jpg,media/1629686963721.jpg,media/1629686931562.jpg,adopsipohonriau/72
73,MT0939,Rukam Hutan,Flacourtia rukam,Pohon Muda,icon/young_tree.svg,-,32,16,Tahura Sultan Syarif Qasim,Mineral,Km 1,0.6727957,101.4292533,49.72887849,1.43,Belum,-,-,-,8/23/2021 4:51,"50,000.00","1,681.31",-,Krisnawati et al. (2012),media/1629687119259.jpg,media/1629687188441.jpg,media/1629687147946.jpg,media/1629687106216.jpg,adopsipohonriau/73
74,MT0940,Gaharu,Aquilaria malaccensis,Pohon Muda,icon/young_tree.svg,-,37,14,Tahura Sultan Syarif Qasim,Mineral,Km 1,0.672843,101.4290715,37.62653075,1.43,Belum,-,-,-,8/23/2021 5:54,"50,000.00",768.37,-,Krisnawati et al. (2012),media/1629687321026.jpg,media/1629687347021.jpg,media/1629687337687.jpg,media/1629687309316.jpg,adopsipohonriau/74
75,MT0941,Gaharu,Aquilaria malaccensis,Pohon Muda,icon/young_tree.svg,-,31,12,Tahura Sultan Syarif Qasim,Mineral,Km 1,0.672861,101.4291342,56.07859239,1.43,Belum,-,-,-,8/23/2021 6:56,"50,000.00",467.99,-,Krisnawati et al. (2012),media/1629687505332.jpg,media/1629687492588.jpg,media/1629687479184.jpg,media/1629687419253.jpg,adopsipohonriau/75
76,MT0942,Gaharu,Aquilaria malaccensis,Pohon Muda,icon/young_tree.svg,-,31,14,Tahura Sultan Syarif Qasim,Mineral,Km 1,0.6728936,101.4290939,48.27338764,1.43,Belum,-,-,-,8/23/2021 7:59,"50,000.00",543.97,-,Krisnawati et al. (2012),media/1629687619743.jpg,media/1629687692994.jpg,media/1629687681099.jpg,media/1629687563643.jpg,adopsipohonriau/76
77,MT0943,Kelat,Eugenia sp.,Pohon Dewasa,icon/mature_tree.svg,-,54,18,Tahura Sultan Syarif Qasim,Mineral,Km 1,0.6729214,101.4291208,23.41433096,1.44,Belum,-,-,-,8/23/2021 9:14,"200,000.00","4,472.51",-,Krisnawati et al. (2012),media/1629688539528.jpg,media/1629688521307.jpg,media/1629688511619.jpg,media/1629688445583.jpg,adopsipohonriau/77
78,MT0944,Medang,Litsea angulata,Pohon Muda,icon/young_tree.svg,-,37,16,Tahura Sultan Syarif Qasim,Mineral,Km 1,0.6730032,101.4292082,65.14358143,1.45,Belum,-,-,-,8/23/2021 10:17,"50,000.00","1,362.40",-,Krisnawati et al. (2012),media/1629688696049.jpg,media/1629688724745.jpg,media/1629688713328.jpg,media/1629688674470.jpg,adopsipohonriau/78
79,MT0945,Gerunggang,Cratoxylon arborescans,Pohon Muda,icon/young_tree.svg,-,30,17,Tahura Sultan Syarif Qasim,Mineral,Km 1,0.6730488,101.4292586,39.1929105,1.46,Belum,-,-,-,8/23/2021 11:19,"50,000.00","1,110.12",-,Brown (1997),media/1629688845446.jpg,media/1629688883177.jpg,media/1629688870578.jpg,media/1629688763099.jpg,adopsipohonriau/79
80,MT0946,Pisang-pisang,Xylopia Spp,Pohon Muda,icon/young_tree.svg,-,36,15,Tahura Sultan Syarif Qasim,Mineral,Km 1,0.6730424,101.4293376,21.97596735,1.46,Belum,-,-,-,8/23/2021 12:22,"50,000.00","1,760.75",-,Brown (1997),media/1629689013755.jpg,media/1629689038566.jpg,media/1629689028305.jpg,media/1629688952728.jpg,adopsipohonriau/80
81,MT0947,Pagar-pagar,Ixonanthes icosandra,Pohon Muda,icon/young_tree.svg,-,36,16,Tahura Sultan Syarif Qasim,Mineral,Km 1,0.6730101,101.4293122,32.1308339,1.46,Belum,-,-,-,8/23/2021 1:24,"50,000.00","1,703.01",-,Krisnawati et al. (2012),media/1629689149285.jpg,media/1629689174439.jpg,media/1629689163772.jpg,media/1629689094265.jpg,adopsipohonriau/81
82,MT0948,Pasir-pasir,-,Pohon Muda,icon/young_tree.svg,-,33,18,Tahura Sultan Syarif Qasim,Mineral,Km 1,0.6729951,101.4294418,76.32997743,1.46,Belum,-,-,-,8/23/2021 2:27,"50,000.00","1,412.84",-,Brown (1997),media/1629689279372.jpg,media/1629689314349.jpg,media/1629689299799.jpg,media/1629689260714.jpg,adopsipohonriau/82
83,MT0949,Tempunik,Artocarpus rigidus,Pohon Dewasa,icon/mature_tree.svg,-,56,17,Tahura Sultan Syarif Qasim,Mineral,Km 1,0.673092,101.4293983,60.74356584,1.47,Belum,-,-,-,8/23/2021 3:32,"200,000.00","3,312.32",-,Krisnawati et al. (2012),media/1629689586471.jpg,media/1629689609990.jpg,media/1629689599717.jpg,media/1629689569244.jpg,adopsipohonriau/83
84,MT0950,Jelutung,Dyera costulata,Pohon Dewasa,icon/mature_tree.svg,Least Concern,97,20,Tahura Sultan Syarif Qasim,Mineral,Km 1,0.6728456,101.4295997,55.49582558,1.45,Belum,-,-,-,8/23/2021 5:19,"200,000.00","9,154.86",-,Krisnawati et al. (2012),media/1629692436367.jpg,media/1629692423663.jpg,media/1629692409326.jpg,media/1629692390263.jpg,adopsipohonriau/84
85,MT0951,Medang,Litsea angulata,Pohon Dewasa,icon/mature_tree.svg,-,49,15,Tahura Sultan Syarif Qasim,Mineral,Km 1,0.6728009,101.4297997,70.22526384,1.46,Belum,-,-,-,8/23/2021 6:21,"200,000.00","2,213.52",-,Krisnawati et al. (2012),media/1629692521003.jpg,media/1629692560798.jpg,media/1629692529872.jpg,media/1629692509066.jpg,adopsipohonriau/85
86,MT0952,Putat,Barringtonia pendula,Pohon Dewasa,icon/mature_tree.svg,-,48,16,Tahura Sultan Syarif Qasim,Mineral,Km 1,0.6727663,101.4297791,76.78088039,1.46,Belum,-,-,-,8/23/2021 7:23,"200,000.00","2,518.55",-,Krisnawati et al. (2012),media/1629692653232.jpg,media/1629692674459.jpg,media/1629692663568.jpg,media/1629692642484.jpg,adopsipohonriau/86
87,MT0953,Pagar-pagar,Ixonanthes icosandra,Pohon Dewasa,icon/mature_tree.svg,-,43,17,Tahura Sultan Syarif Qasim,Mineral,Km 1,0.6728263,101.4299168,66.28918902,1.47,Belum,-,-,-,8/23/2021 8:27,"200,000.00","2,555.89",-,Krisnawati et al. (2012),media/1629692897868.jpg,media/1629692877743.jpg,media/1629692867177.jpg,media/1629692837148.jpg,adopsipohonriau/87
88,MT0954,Pulai,Ixonanthes icosandra,Pohon Dewasa,icon/mature_tree.svg,-,69,15,Tahura Sultan Syarif Qasim,Mineral,Km 1,0.6728808,101.4299561,101.8783751,1.48,Belum,-,-,-,8/23/2021 9:29,"200,000.00","5,693.67",-,Krisnawati et al. (2012),media/1629692978740.jpg,media/1629693003464.jpg,media/1629692990309.jpg,media/1629692967535.jpg,adopsipohonriau/88
89,MT0956,Tempinis,Sloetia elongata,Pohon Muda,icon/young_tree.svg,-,36,15,Tahura Sultan Syarif Qasim,Mineral,Km 1,0.6728953,101.4296758,56.60064611,1.46,Belum,-,-,-,8/23/2021 10:34,"50,000.00","2,120.36",-,Krisnawati et al. (2012),media/1629693359907.jpg,media/1629693348534.jpg,media/1629693338168.jpg,media/1629693322752.jpg,adopsipohonriau/89
90,MT0957,Pulai,Alstonia scholaris,Pohon Dewasa,icon/mature_tree.svg,-,61,17,Tahura Sultan Syarif Qasim,Mineral,Km 1,0.6730457,101.4295028,53.88423448,1.47,Belum,-,-,-,8/23/2021 11:37,"200,000.00","2,924.32",-,Krisnawati et al. (2012),media/1629693499200.jpg,media/1629693486394.jpg,media/1629693475087.jpg,media/1629693457544.jpg,adopsipohonriau/90
91,MT0958,Mahoni,Swietenia macrophylla,Pohon Dewasa,icon/mature_tree.svg,-,44,18,Tahura Sultan Syarif Qasim,Mineral,Km 1,0.6731556,101.4295726,70.37029627,1.48,Belum,-,-,-,8/23/2021 12:38,"200,000.00","2,178.57",-,Krisnawati et al. (2012),media/1629693636666.jpg,media/1629693623975.jpg,media/1629693606859.jpg,media/1629693534033.jpg,adopsipohonriau/91
92,MT0959,Pagar-pagar,Ixonanthes icosandra,Pohon Dewasa,icon/mature_tree.svg,-,40,19,Tahura Sultan Syarif Qasim,Mineral,Km 1,0.6732539,101.429527,52.95702061,1.49,Belum,-,-,-,8/23/2021 1:41,"200,000.00","2,473.88",-,Krisnawati et al. (2012),media/1629693725240.jpg,media/1629693759835.jpg,media/1629693748255.jpg,media/1629693699623.jpg,adopsipohonriau/92
93,MT0960,Pulai,Alstonia scholaris,Pohon Dewasa,icon/mature_tree.svg,-,42,17,Tahura Sultan Syarif Qasim,Mineral,Km 1,0.6732567,101.4295296,68.10616524,1.49,Belum,-,-,-,8/23/2021 2:44,"200,000.00","1,411.38",-,Krisnawati et al. (2012),media/1629693929047.jpg,media/1629693917843.jpg,media/1629693908696.jpg,media/1629693835916.jpg,adopsipohonriau/93
94,MT0961,Mahoni,Swietenia macrophylla,Pohon Muda,icon/young_tree.svg,-,37,18,Tahura Sultan Syarif Qasim,Mineral,Km 1,0.6732568,101.4295294,68.10616524,0,Belum,-,-,-,8/23/2021 3:46,"50,000.00","1,553.40",-,Krisnawati et al. (2012),media/1629694017088.jpg,media/1629694041254.jpg,media/1629694028684.jpg,media/1629693984723.jpg,adopsipohonriau/94
95,MT0962,Ludai,Triadica cochinchinensis,Pohon Muda,icon/young_tree.svg,-,32,16,Tahura Sultan Syarif Qasim,Mineral,Km 1,0.673307,101.4294299,82.20278809,0,Belum,-,-,-,8/23/2021 4:48,"50,000.00","1,307.02",-,Brown (1997),media/1629694205041.jpg,media/1629694191831.jpg,media/1629694179810.jpg,media/1629694103692.jpg,adopsipohonriau/95
96,MT0963,Laban,Vitex Pinnata,Pohon Muda,icon/young_tree.svg,-,32,15,Tahura Sultan Syarif Qasim,Mineral,Km 1,0.6733187,101.4293189,86.8362853,0,Belum,-,-,-,8/23/2021 5:50,"50,000.00","1,449.25",-,Krisnawati et al. (2012),media/1629694323744.jpg,media/1629694363865.jpg,media/1629694346926.jpg,media/1629694265745.jpg,adopsipohonriau/96
97,MT0955,Balam,Palaquium sp.,Pohon Dewasa,icon/mature_tree.svg,-,78,18,Tahura Sultan Syarif Qasim,Mineral,Km 1,0.672857,101.429678,64.72498577,0,Belum,-,-,-,8/23/2021 6:32,"200,000.00","7,001.76",-,Krisnawati et al. (2012),media/1629693186355.jpg,media/1629693174085.jpg,media/1629693162875.jpg,media/1629693148119.jpg,adopsipohonriau/97
98,MT0964,Terap,Artocarpus elasticus,Pohon Muda,icon/young_tree.svg,-,30,17,Tahura Sultan Syarif Qasim,Mineral,Km 1,0.6735185,101.4293299,50.30029244,1.49,Belum,-,-,-,8/23/2021 9:56,"50,000.00",877.10,-,Krisnawati et al. (2012),media/1629701898650.jpg,media/1629701989157.jpg,media/1629701980182.jpg,media/1629701882149.jpg,adopsipohonriau/98
99,MT0965,Terap,Artocarpus elasticus,Pohon Muda,icon/young_tree.svg,-,32,17,Tahura Sultan Syarif Qasim,Mineral,Km 1,0.6735894,101.4292934,47.61035027,1.46,Belum,-,-,-,8/23/2021 11:00,"50,000.00",994.86,-,Krisnawati et al. (2012),media/1629702124410.jpg,media/1629702106320.jpg,media/1629702095185.jpg,media/1629702082386.jpg,adopsipohonriau/99
100,MT0966,Tempunik,Artocarpus rigidus,Pohon Muda,icon/young_tree.svg,-,33,16,Tahura Sultan Syarif Qasim,Mineral,Km 1,0.6735451,101.4293462,51.58016548,1.51,Belum,-,-,-,8/23/2021 12:02,"50,000.00","1,112.02",-,Krisnawati et al. (2012),media/1629702180870.jpg,media/1629702254436.jpg,media/1629702242954.jpg,media/1629702192044.jpg,adopsipohonriau/100
101,MT0967,Tempunik,Artocarpus rigidus,Pohon Dewasa,icon/mature_tree.svg,-,43,17,Tahura Sultan Syarif Qasim,Mineral,Km 1,0.67354,101.4294044,53.55945198,1.51,Belum,-,-,-,8/23/2021 1:05,"200,000.00","1,977.88",-,Krisnawati et al. (2012),media/1629702334392.jpg,media/1629702396979.jpg,media/1629702382213.jpg,media/1629702318127.jpg,adopsipohonriau/101
102,MT0968,Siluk,Gironniera parvifolia,Pohon Muda,icon/young_tree.svg,-,37,14,Tahura Sultan Syarif Qasim,Mineral,Km 1,0.6733144,101.429342,64.79110977,1.51,Belum,-,-,-,8/23/2021 2:07,"50,000.00","1,887.13",-,Brown (1997),media/1629702484573.jpg,media/1629702553384.jpg,media/1629702541216.jpg,media/1629702467825.jpg,adopsipohonriau/102
103,MT0969,Tempinis,Sloetia elongata,Pohon Muda,icon/young_tree.svg,-,36,18,Tahura Sultan Syarif Qasim,Mineral,Km 1,0.6736059,101.4291733,82.3486108,1.51,Belum,-,-,-,8/23/2021 3:10,"50,000.00","2,533.32",-,Krisnawati et al. (2012),media/1629702710362.jpg,media/1629702738482.jpg,media/1629702723897.jpg,media/1629702689374.jpg,adopsipohonriau/103
104,MT0970,Pisang-pisang,Xylopia Spp,Pohon Muda,icon/young_tree.svg,-,30,17,Tahura Sultan Syarif Qasim,Mineral,Km 1,0.6736124,101.4292599,84.19747645,1.49,Belum,-,-,-,8/23/2021 4:13,"50,000.00","1,110.12",-,Brown (1997),media/1629702941934.jpg,media/1629702924872.jpg,media/1629702890340.jpg,media/1629702840577.jpg,adopsipohonriau/104
105,MT0971,Ringgit-ringgit,Carallia brachiata,Pohon Muda,icon/young_tree.svg,-,36,18,Tahura Sultan Syarif Qasim,Mineral,Km 1,0.6736813,101.4290914,41.0338021,1.51,Belum,-,-,-,8/23/2021 5:34,"50,000.00","1,913.16",-,Krisnawati et al. (2012),media/1629704069102.jpg,media/1629704274416.jpg,media/1629704264705.jpg,media/1629704052390.jpg,adopsipohonriau/105
106,MT0972,Tempinis,Sloetia elongata,Pohon Muda,icon/young_tree.svg,-,30,14,Tahura Sultan Syarif Qasim,Mineral,Km 1,0.6735979,101.4291859,95.46659357,1.52,Belum,-,-,-,8/23/2021 6:38,"50,000.00","1,388.68",-,Krisnawati et al. (2012),media/1629704327309.jpg,media/1629704400088.jpg,media/1629704379634.jpg,media/1629704341345.jpg,adopsipohonriau/106
107,MT0973,Balam Putih,Madhuca ovata ,Pohon Muda,icon/young_tree.svg,-,35,19,Tahura Sultan Syarif Qasim,Mineral,Km 1,0.6737188,101.4291344,66.33633131,1.51,Belum,-,-,-,8/23/2021 7:41,"50,000.00","1,728.40",-,Krisnawati et al. (2012),media/1629704489353.jpg,media/1629704582863.jpg,media/1629704572489.jpg,media/1629704560131.jpg,adopsipohonriau/107
108,MT0974,Tempinis,Sloetia elongata,Pohon Muda,icon/young_tree.svg,-,33,15,Tahura Sultan Syarif Qasim,Mineral,Km 1,0.6736469,101.4294759,38.19950792,1.51,Belum,-,-,-,8/23/2021 8:43,"50,000.00","1,789.15",-,Krisnawati et al. (2012),media/1629704647323.jpg,media/1629704731515.jpg,media/1629704715434.jpg,media/1629704679232.jpg,adopsipohonriau/108
109,MT0975,Kandis,Garcinia sp.,Pohon Dewasa,icon/mature_tree.svg,-,46,15,Tahura Sultan Syarif Qasim,Mineral,Km 1,0.6737461,101.4293123,52.13683702,1.52,Belum,-,-,-,8/23/2021 9:46,"200,000.00","3,259.78",-,Krisnawati et al. (2012),media/1629704783835.jpg,media/1629704850771.jpg,media/1629704841173.jpg,media/1629704805305.jpg,adopsipohonriau/109
110,MT0976,Cempedak Air,Artocarpus teysmanii ,Pohon Muda,icon/young_tree.svg,-,35,15,Tahura Sultan Syarif Qasim,Mineral,Km 1,0.6736044,101.4293811,90.11380621,1.53,Belum,-,-,-,8/23/2021 10:49,"50,000.00","1,639.62",-,Brown (1997),media/1629705022336.jpg,media/1629705056731.jpg,media/1629705047095.jpg,media/1629705005388.jpg,adopsipohonriau/110
111,MT0977,Pulai,Alstonia scholaris,Pohon Muda,icon/young_tree.svg,-,37,14,Tahura Sultan Syarif Qasim,Mineral,Km 1,0.6735443,101.4293774,78.15573999,1.53,Belum,-,-,-,8/23/2021 11:51,"50,000.00",911.79,-,Krisnawati et al. (2012),media/1629705214987.jpg,media/1629705204414.jpg,media/1629705189378.jpg,media/1629705169037.jpg,adopsipohonriau/111
112,MT0978,Pulai,Alstonia scholaris,Pohon Muda,icon/young_tree.svg,-,38,13,Tahura Sultan Syarif Qasim,Mineral,Km 1,0.6736865,101.4293235,60.96528821,1.52,Belum,-,-,-,8/23/2021 12:54,"50,000.00",893.49,-,Krisnawati et al. (2012),media/1629705270532.jpg,media/1629705358514.jpg,media/1629705344907.jpg,media/1629705334598.jpg,adopsipohonriau/112
113,MT0979,Pulai,Alstonia scholaris,Pohon Muda,icon/young_tree.svg,-,35,11,Tahura Sultan Syarif Qasim,Mineral,Km 1,0.6738027,101.4295493,49.65384485,1.51,Belum,-,-,-,8/23/2021 1:56,"50,000.00",646.49,-,Krisnawati et al. (2012),media/1629705444638.jpg,media/1629705502147.jpg,media/1629705492758.jpg,media/1629705432768.jpg,adopsipohonriau/113
114,MT0980,Ringgit-ringgit,Carallia brachiata,Pohon Muda,icon/young_tree.svg,-,38,15,Tahura Sultan Syarif Qasim,Mineral,Km 1,0.6738396,101.4295505,78.23953238,1.53,Belum,-,-,-,8/23/2021 2:59,"50,000.00","1,779.53",-,Krisnawati et al. (2012),media/1629705568475.jpg,media/1629705622468.jpg,media/1629705611114.jpg,media/1629705581530.jpg,adopsipohonriau/114
115,MT0981,Pagar-pagar,Ixonanthes icosandra,Pohon Muda,icon/young_tree.svg,-,38,18,Tahura Sultan Syarif Qasim,Mineral,Km 1,0.6739185,101.4296389,73.00336215,1.55,Belum,-,-,-,8/23/2021 4:00,"50,000.00","2,123.13",-,Krisnawati et al. (2012),media/1629705705730.jpg,media/1629705749434.jpg,media/1629705734930.jpg,media/1629705690365.jpg,adopsipohonriau/115
116,MT0982,Pagar-pagar,Ixonanthes icosandra,Pohon Dewasa,icon/mature_tree.svg,-,44,19,Tahura Sultan Syarif Qasim,Mineral,Km 1,0.6739096,101.4294059,73.96921151,1.55,Belum,-,-,-,8/23/2021 5:03,"200,000.00","2,979.73",-,Krisnawati et al. (2012),media/1629705799973.jpg,media/1629705880490.jpg,media/1629705870846.jpg,media/1629705811223.jpg,adopsipohonriau/116
117,MT0983,Gaharu,Aquilaria malaccensis,Pohon Muda,icon/young_tree.svg,-,31,14,Tahura Sultan Syarif Qasim,Mineral,Km 1,0.6738475,101.4295907,79.71413747,1.56,Belum,-,-,-,8/23/2021 6:05,"50,000.00",543.97,-,Krisnawati et al. (2012),media/1629705979468.jpg,media/1629706053152.jpg,media/1629706040211.jpg,media/1629705992897.jpg,adopsipohonriau/117
118,MT0984,Merimbungan,Callerya atropurpurea,Pohon Muda,icon/young_tree.svg,-,36,16,Tahura Sultan Syarif Qasim,Mineral,Km 1,0.6738864,101.4294348,58.67980728,1.55,Belum,-,-,-,8/25/2021 2:21,"50,000.00","1,603.90",-,Krisnawati et al. (2012),media/1629861834039.jpg,media/1629861853440.jpg,media/1629861845665.jpg,media/1629861820704.jpg,adopsipohonriau/118
119,MT0985,Terap,Artocarpus elasticus,Pohon Muda,icon/young_tree.svg,-,31,15,Tahura Sultan Syarif Qasim,Mineral,Km 1,0.6740065,101.4295085,38.18968914,1.55,Belum,-,-,-,8/25/2021 3:26,"50,000.00",827.55,-,Krisnawati et al. (2012),media/1629862063069.jpg,media/1629862050543.jpg,media/1629862042386.jpg,media/1629862074461.jpg,adopsipohonriau/119
120,MT0986,Tempinis,Sloetia elongata,Pohon Muda,icon/young_tree.svg,-,39,17,Tahura Sultan Syarif Qasim,Mineral,Km 1,0.6739917,101.4295581,80.84622513,1.55,Belum,-,-,-,8/25/2021 4:29,"50,000.00","2,801.03",-,Krisnawati et al. (2012),media/1629862257723.jpg,media/1629862248029.jpg,media/1629862240355.jpg,media/1629862265627.jpg,adopsipohonriau/120
121,MT0987,Gerunggang,Cratoxylon arborescans,Pohon Muda,icon/young_tree.svg,-,38,17,Tahura Sultan Syarif Qasim,Mineral,Km 1,0.6741359,101.4294484,36.21453342,1.57,Belum,-,-,-,8/25/2021 5:33,"50,000.00","2,018.85",-,Brown (1997),media/1629862495797.jpg,media/1629862483522.jpg,media/1629862470224.jpg,media/1629862504784.jpg,adopsipohonriau/121
122,MT0988,Terap,Cratoxylon arborescans,Pohon Dewasa,icon/mature_tree.svg,-,47,18,Tahura Sultan Syarif Qasim,Mineral,Km 1,0.6741203,101.4293288,21.12439085,1.57,Belum,-,-,-,8/25/2021 6:37,"200,000.00","3,456.68",-,Brown (1997),media/1629862727789.jpg,media/1629862715812.jpg,media/1629862706974.jpg,media/1629862754610.jpg,adopsipohonriau/122
123,MT0989,Mahoni,Swietenia macrophylla,Pohon Dewasa,icon/mature_tree.svg,-,54,20,Tahura Sultan Syarif Qasim,Mineral,Km 1,0.6741647,101.4294464,55.1315154,1.58,Belum,-,-,-,8/25/2021 7:40,"200,000.00","3,601.18",-,Krisnawati et al. (2012),media/1629862934872.jpg,media/1629862922483.jpg,media/1629862911952.jpg,media/1629862945714.jpg,adopsipohonriau/123
124,MT0990,Pagar-pagar,Ixonanthes icosandra,Pohon Dewasa,icon/mature_tree.svg,-,40,21,Tahura Sultan Syarif Qasim,Mineral,Km 1,0.6744597,101.4293267,9.275287604,1.57,Belum,-,-,-,8/25/2021 8:44,"200,000.00","2,727.73",-,Krisnawati et al. (2012),media/1629863152897.jpg,media/1629863132924.jpg,media/1629863123112.jpg,media/1629863167751.jpg,adopsipohonriau/124
125,MT0991,Mahoni,Swietenia macrophylla,Pohon Muda,icon/young_tree.svg,-,34,19,Tahura Sultan Syarif Qasim,Mineral,Km 1,0.6744267,101.4293147,42.76341709,1.58,Belum,-,-,-,8/25/2021 9:47,"50,000.00","1,388.41",-,Krisnawati et al. (2012),media/1629863334383.jpg,media/1629863314858.jpg,media/1629863304715.jpg,media/1629863345540.jpg,adopsipohonriau/125
126,MT0992,Kelat,Eugenia sp.,Pohon Dewasa,icon/mature_tree.svg,-,90,23,Tahura Sultan Syarif Qasim,Mineral,Km 1,0.6747717,101.4291294,46.10355032,1.6,Belum,-,-,-,8/25/2021 10:52,"200,000.00","15,399.29",-,Krisnawati et al. (2012),media/1629863618355.jpg,media/1629863606621.jpg,media/1629863592698.jpg,media/1629863628747.jpg,adopsipohonriau/126
127,MT0993,Gaharu,Aquilaria malaccensis,Pohon Muda,icon/young_tree.svg,-,36,14,Tahura Sultan Syarif Qasim,Mineral,Km 1,0.6746838,101.4292762,56.43255565,1.6,Belum,-,-,-,8/25/2021 11:56,"50,000.00",728.35,-,Krisnawati et al. (2012),media/1629863870653.jpg,media/1629863855749.jpg,media/1629863847309.jpg,media/1629863880204.jpg,adopsipohonriau/127
128,MT0994,Tempunik,Artocarpus rigidus,Pohon Muda,icon/young_tree.svg,-,34,17,Tahura Sultan Syarif Qasim,Mineral,Km 1,0.6748226,101.4294146,41.82961045,1.63,Belum,-,-,-,8/25/2021 1:00,"50,000.00","1,250.59",-,Krisnawati et al. (2012),media/1629864074332.jpg,media/1629864064122.jpg,media/1629864055504.jpg,media/1629864084551.jpg,adopsipohonriau/128
129,MT0995,Keranji,Diallium indum,Pohon Muda,icon/young_tree.svg,-,31,18,Tahura Sultan Syarif Qasim,Mineral,Km 1,0.6748654,101.4293593,62.01244088,1.63,Belum,-,-,-,8/25/2021 2:20,"50,000.00","1,206.14",-,Brown (1997),media/1629865283769.jpg,media/1629865266730.jpg,media/1629865256214.jpg,media/1629865294287.jpg,adopsipohonriau/129
130,MT0996,Tempunik,Artocarpus rigidus,Pohon Muda,icon/young_tree.svg,-,39,18,Tahura Sultan Syarif Qasim,Mineral,Km 1,0.6748141,101.42935,68.41842057,1.65,Belum,-,-,-,8/25/2021 3:23,"50,000.00","1,728.44",-,Krisnawati et al. (2012),media/1629865438515.jpg,media/1629865426578.jpg,media/1629865418875.jpg,media/1629865447076.jpg,adopsipohonriau/130
131,MT0997,Kelat,Eugenia sp.,Pohon Dewasa,icon/mature_tree.svg,-,68,20,Tahura Sultan Syarif Qasim,Mineral,Km 1,0.6748141,101.42935,68.41842057,1.65,Belum,-,-,-,8/25/2021 4:25,"200,000.00","7,773.84",-,Krisnawati et al. (2012),media/1629865569302.jpg,media/1629865557029.jpg,media/1629865546515.jpg,media/1629865581711.jpg,adopsipohonriau/131
132,MT0998,Merimbungan,Callerya atropurpurea,Pohon Muda,icon/young_tree.svg,-,34,16,Tahura Sultan Syarif Qasim,Mineral,Km 1,0.674728,101.429441,48.85020342,1.64,Belum,-,-,-,8/25/2021 5:28,"50,000.00","1,434.57",-,Krisnawati et al. (2012),media/1629865743847.jpg,media/1629865822370.jpg,media/1629865814910.jpg,media/1629865831849.jpg,adopsipohonriau/132
133,MT0999,Kedondong,Dacryodes angulata,Pohon Dewasa,icon/mature_tree.svg,-,44,19,Tahura Sultan Syarif Qasim,Mineral,Km 1,0.6747441,101.4294554,29.10820952,1.64,Belum,-,-,-,8/25/2021 6:31,"200,000.00","2,910.81",-,Krisnawati et al. (2012),media/1629865949743.jpg,media/1629865927763.jpg,media/1629865918835.jpg,media/1629865959705.jpg,adopsipohonriau/133
134,MT1000,Tempunik,Artocarpus rigidus,Pohon Muda,icon/young_tree.svg,-,33,18,Tahura Sultan Syarif Qasim,Mineral,Km 1,0.6747856,101.4294175,42.54204819,1.64,Belum,-,-,-,8/25/2021 7:33,"50,000.00","1,247.49",-,Krisnawati et al. (2012),media/1629866095470.jpg,media/1629866083681.jpg,media/1629866074912.jpg,media/1629866105460.jpg,adopsipohonriau/134
135,MT1001,Terap,Artocarpus elasticus,Pohon Muda,icon/young_tree.svg,-,32,17,Tahura Sultan Syarif Qasim,Mineral,Km 1,0.6747856,101.4294175,42.54204819,1.64,Belum,-,-,-,8/25/2021 8:37,"50,000.00",994.86,-,Krisnawati et al. (2012),media/1629866308249.jpg,media/1629866298523.jpg,media/1629866283133.jpg,media/1629866316433.jpg,adopsipohonriau/135
136,MT1002,Pagar-pagar,Ixonanthes icosandra,Pohon Dewasa,icon/mature_tree.svg,-,44,19,Tahura Sultan Syarif Qasim,Mineral,Km 1,0.6748983,101.4289434,54.24228714,1.64,Belum,-,-,-,8/26/2021 7:27,"200,000.00","2,979.73",-,Krisnawati et al. (2012),media/1629945005084.jpg,media/1629944992023.jpg,media/1629944982151.jpg,media/1629945015071.jpg,adopsipohonriau/136
137,MT1003,Terap,Artocarpus elasticus,Pohon Muda,icon/young_tree.svg,-,36,18,Tahura Sultan Syarif Qasim,Mineral,Km 1,0.6748961,101.4288821,66.65623049,1.64,Belum,-,-,-,8/26/2021 8:31,"50,000.00","1,323.85",-,Krisnawati et al. (2012),media/1629945173231.jpg,media/1629945161773.jpg,media/1629945154794.jpg,media/1629945182459.jpg,adopsipohonriau/137
138,MT1004,Kedondong,Dacryodes angulata,Pohon Dewasa,icon/mature_tree.svg,-,44,19,Tahura Sultan Syarif Qasim,Mineral,Km 1,0.6748061,101.4290263,42.33246693,1.63,Belum,-,-,-,8/26/2021 9:34,"200,000.00","2,910.81",-,Krisnawati et al. (2012),media/1629945349770.jpg,media/1629945338478.jpg,media/1629945328191.jpg,media/1629945362088.jpg,adopsipohonriau/138
139,MT1005,Ringgit-ringgit,Carallia brachiata,Pohon Dewasa,icon/mature_tree.svg,-,43,19,Tahura Sultan Syarif Qasim,Mineral,Km 1,0.6746779,101.4290307,83.52954096,1.63,Belum,-,-,-,8/26/2021 10:38,"200,000.00","2,852.96",-,Krisnawati et al. (2012),media/1629945609591.jpg,media/1629945597628.jpg,media/1629945583870.jpg,media/1629945624001.jpg,adopsipohonriau/139
140,MT1006,Pagar-pagar,Ixonanthes icosandra,Pohon Muda,icon/young_tree.svg,-,34,20,Tahura Sultan Syarif Qasim,Mineral,Km 1,0.6748056,101.4287845,49.02318448,1.63,Belum,-,-,-,8/26/2021 11:42,"50,000.00","1,893.85",-,Krisnawati et al. (2012),media/1629945782020.jpg,media/1629945770012.jpg,media/1629945762149.jpg,media/1629945791161.jpg,adopsipohonriau/140
141,MT1007,Terap,Artocarpus elasticus,Pohon Muda,icon/young_tree.svg,-,32,17,Tahura Sultan Syarif Qasim,Mineral,Km 1,0.6747958,101.4288545,44.73737702,1.61,Belum,-,-,-,8/26/2021 12:44,"50,000.00",994.86,-,Krisnawati et al. (2012),media/1629946008079.jpg,media/1629945990707.jpg,media/1629945980952.jpg,media/1629946019014.jpg,adopsipohonriau/141
142,MT1008,Simpur,Dillenia grandifolia,Pohon Muda,icon/young_tree.svg,-,32,17,Tahura Sultan Syarif Qasim,Mineral,Km 1,0.6747803,101.4288757,65.42776251,1.62,Belum,-,-,-,8/26/2021 1:48,"50,000.00","1,479.54",-,Krisnawati et al. (2012),media/1629946195890.jpg,media/1629946184851.jpg,media/1629946172978.jpg,media/1629946210076.jpg,adopsipohonriau/142
143,MT1009,Kelat,Eugenia sp.,Pohon Muda,icon/young_tree.svg,-,31,18,Tahura Sultan Syarif Qasim,Mineral,Km 1,0.6747765,101.4287064,41.79983507,1.62,Belum,-,-,-,8/26/2021 2:52,"50,000.00","1,513.76",-,Krisnawati et al. (2012),media/1629946433577.jpg,media/1629946424102.jpg,media/1629946416491.jpg,media/1629946443035.jpg,adopsipohonriau/143
144,MT1010,Terap,Artocarpus elasticus,Pohon Muda,icon/young_tree.svg,-,31,18,Tahura Sultan Syarif Qasim,Mineral,Km 1,0.6748377,101.4287117,32.2342334,1.62,Belum,-,-,-,8/26/2021 3:56,"50,000.00",988.72,-,Krisnawati et al. (2012),media/1629946651165.jpg,media/1629946642835.jpg,media/1629946635695.jpg,media/1629946660954.jpg,adopsipohonriau/144
145,MT1011,Terap,Artocarpus elasticus,Pohon Dewasa,icon/mature_tree.svg,-,48,20,Tahura Sultan Syarif Qasim,Mineral,Km 1,0.6747742,101.4286986,47.23326459,1.61,Belum,-,-,-,8/26/2021 4:59,"200,000.00","2,572.64",-,Krisnawati et al. (2012),media/1629946814744.jpg,media/1629946804042.jpg,media/1629946794791.jpg,media/1629946831365.jpg,adopsipohonriau/145
146,MT1012,Keranji,Diallium indum,Pohon Muda,icon/young_tree.svg,-,35,21,Tahura Sultan Syarif Qasim,Mineral,Km 1,0.6747285,101.4287466,49.17622013,1.62,Belum,-,-,-,8/26/2021 6:02,"50,000.00","1,639.62",-,Brown (1997),media/1629947119569.jpg,media/1629947110988.jpg,media/1629947099829.jpg,media/1629947127186.jpg,adopsipohonriau/146
147,MT1013,Kelumpang,Sterculia spp,Pohon Muda,icon/young_tree.svg,-,31,17,Tahura Sultan Syarif Qasim,Mineral,Km 1,0.6747775,101.4285156,72.58819211,1.61,Belum,-,-,-,8/26/2021 7:07,"50,000.00","1,206.14",-,Brown (1997),media/1629947379413.jpg,media/1629947362214.jpg,media/1629947370629.jpg,media/1629947389155.jpg,adopsipohonriau/147
148,MT1014,Terap,Artocarpus elasticus,Pohon Muda,icon/young_tree.svg,-,34,18,Tahura Sultan Syarif Qasim,Mineral,Km 1,0.6748278,101.428468,45.61379585,1.61,Belum,-,-,-,8/26/2021 8:12,"50,000.00","1,184.09",-,Krisnawati et al. (2012),media/1629947574520.jpg,media/1629947565112.jpg,media/1629947557359.jpg,media/1629947582513.jpg,adopsipohonriau/148
149,MT1015,Terap,Artocarpus elasticus,Pohon Dewasa,icon/mature_tree.svg,-,50,18,Tahura Sultan Syarif Qasim,Mineral,Km 1,0.674806,101.4286151,48.13486987,1.61,Belum,-,-,-,8/26/2021 9:14,"200,000.00","2,513.77",-,Krisnawati et al. (2012),media/1629947709935.jpg,media/1629947700799.jpg,media/1629947692335.jpg,media/1629947719959.jpg,adopsipohonriau/149
150,MT10Q6,Kandis,Garcinia sp.,Pohon Muda,icon/young_tree.svg,-,35,19,Tahura Sultan Syarif Qasim,Mineral,Km 1,0.6748898,101.4284786,42.00499093,1.61,Belum,-,-,-,8/26/2021 10:20,"50,000.00","2,408.26",-,Krisnawati et al. (2012),media/1629948086867.jpg,media/1629948078244.jpg,media/1629948071593.jpg,media/1629948093731.jpg,adopsipohonriau/150
151,MT1017,Cempedak Air,Artocarpus teysmanii ,Pohon Muda,icon/young_tree.svg,-,33,19,Tahura Sultan Syarif Qasim,Mineral,Km 1,0.6749147,101.4287591,45.95482317,1.61,Belum,-,-,-,8/26/2021 11:25,"50,000.00","1,412.84",-,Brown (1997),media/1629948398674.jpg,media/1629948388573.jpg,media/1629948377840.jpg,media/1629948411607.jpg,adopsipohonriau/151
152,MT1018,Pelawan,Tristaniopsis whieteana,Pohon Muda,icon/young_tree.svg,-,37,18,Tahura Sultan Syarif Qasim,Mineral,Km 1,0.6750749,101.4287121,83.49742021,1.62,Belum,-,-,-,8/26/2021 12:29,"50,000.00","1,887.13",-,Brown (1997),media/1629948607652.jpg,media/1629948598695.jpg,media/1629948591543.jpg,media/1629948615512.jpg,adopsipohonriau/152
153,MT1019,Siluk,Gironniera parvifolia,Pohon Muda,icon/young_tree.svg,-,33,17,Tahura Sultan Syarif Qasim,Mineral,Km 1,0.6750595,101.428899,58.84091762,1.63,Belum,-,-,-,8/26/2021 1:32,"50,000.00","1,412.84",-,Brown (1997),media/1629948805602.jpg,media/1629948797158.jpg,media/1629948789752.jpg,media/1629948812699.jpg,adopsipohonriau/153
154,MT1020,Kandis,Garcinia sp.,Pohon Dewasa,icon/mature_tree.svg,-,43,18,Tahura Sultan Syarif Qasim,Mineral,Km 1,0.6752644,101.4287342,49.39364361,1.64,Belum,-,-,-,8/26/2021 2:35,"200,000.00","3,414.25",-,Krisnawati et al. (2012),media/1629949000662.jpg,media/1629948992002.jpg,media/1629948984661.jpg,media/1629949009802.jpg,adopsipohonriau/154
155,MT1021,Terap,Artocarpus elasticus,Pohon Muda,icon/young_tree.svg,-,32,17,Tahura Sultan Syarif Qasim,Mineral,Km 1,0.6752492,101.4287743,54.6013462,1.65,Belum,-,-,-,8/26/2021 3:38,"50,000.00",994.86,-,Krisnawati et al. (2012),media/1629949159614.jpg,media/1629949151204.jpg,media/1629949142974.jpg,media/1629949166272.jpg,adopsipohonriau/155
156,MT1022,Tempunik,Artocarpus rigidus,Pohon Dewasa,icon/mature_tree.svg,-,44,17,Tahura Sultan Syarif Qasim,Mineral,Km 1,0.6752578,101.4287854,47.04546056,1.66,Belum,-,-,-,8/26/2021 4:41,"200,000.00","2,068.66",-,Krisnawati et al. (2012),media/1629949312710.jpg,media/1629949304336.jpg,media/1629949297247.jpg,media/1629949321304.jpg,adopsipohonriau/156
157,MT1023,Terap,Artocarpus elasticus,Pohon Dewasa,icon/mature_tree.svg,-,40,17,Tahura Sultan Syarif Qasim,Mineral,Km 1,0.6751464,101.4284139,7.687441688,1.66,Belum,-,-,-,8/26/2021 5:45,"200,000.00","1,537.91",-,Krisnawati et al. (2012),media/1629949546731.jpg,media/1629949538121.jpg,media/1629949531195.jpg,media/1629949559122.jpg,adopsipohonriau/157
158,MT1024,Kandis,Garcinia sp.,Pohon Muda,icon/young_tree.svg,-,36,16,Tahura Sultan Syarif Qasim,Mineral,Km 1,0.6752763,101.4285601,66.28708924,1.67,Belum,-,-,-,8/26/2021 6:47,"50,000.00","2,151.51",-,Krisnawati et al. (2012),media/1629949707439.jpg,media/1629949698707.jpg,media/1629949692096.jpg,media/1629949715713.jpg,adopsipohonriau/158
159,MT1025,Simpur,Dillenia grandifolia,Pohon Muda,icon/young_tree.svg,-,30,17,Tahura Sultan Syarif Qasim,Mineral,Km 1,0.6752012,101.428528,33.10484344,1.64,Belum,-,-,-,8/26/2021 7:50,"50,000.00","1,304.42",-,Krisnawati et al. (2012),media/1629949861229.jpg,media/1629949852362.jpg,media/1629949845231.jpg,media/1629949868526.jpg,adopsipohonriau/159
160,MT1026,Terap,Artocarpus elasticus,Pohon Muda,icon/young_tree.svg,-,34,18,Tahura Sultan Syarif Qasim,Mineral,Km 1,0.6752077,101.4286772,46.87863132,1.66,Belum,-,-,-,8/26/2021 8:52,"50,000.00","1,184.09",-,Krisnawati et al. (2012),media/1629950030864.jpg,media/1629950020988.jpg,media/1629950013467.jpg,media/1629950042238.jpg,adopsipohonriau/160
161,MT1027,Terap,Artocarpus elasticus,Pohon Muda,icon/young_tree.svg,-,33,18,Tahura Sultan Syarif Qasim,Mineral,Km 1,0.675083,101.4286102,30.11160988,1.65,Belum,-,-,-,8/26/2021 9:55,"50,000.00","1,117.06",-,Krisnawati et al. (2012),media/1629950191461.jpg,media/1629950182734.jpg,media/1629950175098.jpg,media/1629950199101.jpg,adopsipohonriau/161
162,MT1028,Tempunik,Artocarpus rigidus,Pohon Muda,icon/young_tree.svg,-,34,17,Tahura Sultan Syarif Qasim,Mineral,Km 1,0.6752715,101.4285265,57.13138607,1.66,Belum,-,-,-,8/26/2021 11:00,"50,000.00","1,250.59",-,Krisnawati et al. (2012),media/1629952977163.jpg,media/1629952959109.jpg,media/1629952949345.jpg,media/1629952991390.jpg,adopsipohonriau/162
163,MT1029,Terap,Artocarpus elasticus,Pohon Muda,icon/young_tree.svg,-,31,15,Tahura Sultan Syarif Qasim,Mineral,Km 1,0.6756282,101.4287199,64.961846,1.64,Belum,-,-,-,8/27/2021 11:29,"50,000.00",827.55,-,Krisnawati et al. (2012),media/1630034998360.jpg,media/1630035032524.jpg,media/1630035021664.jpg,media/1630035008895.jpg,adopsipohonriau/163
164,MT1030,Tempunik,Artocarpus rigidus,Pohon Muda,icon/young_tree.svg,-,30,16,Tahura Sultan Syarif Qasim,Mineral,Km 1,0.6754428,101.4287453,24.46241017,1.66,Belum,-,-,-,8/27/2021 12:31,"50,000.00",923.24,-,Krisnawati et al. (2012),media/1630035172517.jpg,media/1630035163572.jpg,media/1630035153068.jpg,media/1630035141761.jpg,adopsipohonriau/164
165,MT1031,Terap,Artocarpus elasticus,Pohon Muda,icon/young_tree.svg,-,34,16,Tahura Sultan Syarif Qasim,Mineral,Km 1,0.6753883,101.4287044,46.7057833,1.7,Belum,-,-,-,8/27/2021 1:34,"50,000.00","1,055.50",-,Krisnawati et al. (2012),media/1630035354458.jpg,media/1630035340818.jpg,media/1630035330916.jpg,media/1630035286163.jpg,adopsipohonriau/165
166,MT1032,Simpur,Dillenia grandifolia,Pohon Muda,icon/young_tree.svg,-,31,18,Tahura Sultan Syarif Qasim,Mineral,Km 1,0.6753505,101.4286836,51.89913334,1.68,Belum,-,-,-,8/27/2021 2:36,"50,000.00","1,470.42",-,Krisnawati et al. (2012),media/1630035433930.jpg,media/1630035456039.jpg,media/1630035445502.jpg,media/1630035387801.jpg,adopsipohonriau/166
167,MT1033,Balam Putih,Madhuca ovata ,Pohon Dewasa,icon/mature_tree.svg,-,40,16,Tahura Sultan Syarif Qasim,Mineral,Km 1,0.6753899,101.4285673,30.14780295,1.68,Belum,-,-,-,8/27/2021 3:42,"200,000.00","1,896.71",-,Krisnawati et al. (2012),media/1630035659526.jpg,media/1630035717278.jpg,media/1630035707341.jpg,media/1630035669203.jpg,adopsipohonriau/167
168,MT1035,Balam Putih,Madhuca ovata ,Pohon Muda,icon/young_tree.svg,-,30,17,Tahura Sultan Syarif Qasim,Mineral,Km 1,0.67542,101.428548,46.43368923,1.67,Belum,-,-,-,8/27/2021 4:42,"50,000.00","1,147.67",-,Krisnawati et al. (2012),media/1630035835576.jpg,media/1630035881938.jpg,media/1630035871841.jpg,media/1630035824048.jpg,adopsipohonriau/168
169,MT1034,Terap,Artocarpus elasticus,Pohon Dewasa,icon/mature_tree.svg,-,40,19,Tahura Sultan Syarif Qasim,Mineral,Km 1,0.6753652,101.4284567,32.36470998,1.67,Belum,-,-,-,8/27/2021 5:46,"200,000.00","1,714.25",-,Krisnawati et al. (2012),media/1630036069333.jpg,media/1630036106098.jpg,media/1630036096401.jpg,media/1630036084814.jpg,adopsipohonriau/169
170,MT1036,Terap,Artocarpus elasticus,Pohon Dewasa,icon/mature_tree.svg,-,48,20,Tahura Sultan Syarif Qasim,Mineral,Km 1,0.6753852,101.4284517,37.73666545,1.67,Belum,-,-,-,8/27/2021 6:50,"200,000.00","2,572.64",-,Krisnawati et al. (2012),media/1630036192697.jpg,media/1630036240355.jpg,media/1630036230907.jpg,media/1630036176407.jpg,adopsipohonriau/170
171,MT1037,Tempunik,Artocarpus rigidus,Pohon Dewasa,icon/mature_tree.svg,-,52,21,Tahura Sultan Syarif Qasim,Mineral,Km 1,0.675387,101.4284997,47.12957393,1.67,Belum,-,-,-,8/27/2021 7:51,"200,000.00","3,522.70",-,Krisnawati et al. (2012),media/1630036318775.jpg,media/1630036366516.jpg,media/1630036356227.jpg,media/1630036306483.jpg,adopsipohonriau/171
172,MT1038,Kandis,Garcinia sp.,Pohon Dewasa,icon/mature_tree.svg,-,41,20,Tahura Sultan Syarif Qasim,Mineral,Km 1,0.6753025,101.4282842,58.28079378,1.67,Belum,-,-,-,8/27/2021 8:53,"200,000.00","3,448.09",-,Krisnawati et al. (2012),media/1630036448488.jpg,media/1630036486047.jpg,media/1630036476231.jpg,media/1630036437524.jpg,adopsipohonriau/172
173,MT1039,Ringgit-ringgit,Carallia brachiata,Pohon Muda,icon/young_tree.svg,-,31,18,Tahura Sultan Syarif Qasim,Mineral,Km 1,0.6753955,101.4283084,42.70882301,1.67,Belum,-,-,-,8/27/2021 9:57,"50,000.00","1,428.85",-,Krisnawati et al. (2012),media/1630036763888.jpg,media/1630036731414.jpg,media/1630036721732.jpg,media/1630036708553.jpg,adopsipohonriau/173
174,MT1040,Terap,Artocarpus elasticus,Pohon Muda,icon/young_tree.svg,-,30,16,Tahura Sultan Syarif Qasim,Mineral,Km 1,0.675343,101.4283058,114.6860316,1.65,Belum,-,-,-,8/27/2021 10:59,"50,000.00",826.71,-,Krisnawati et al. (2012),media/1630036811784.jpg,media/1630036852137.jpg,media/1630036843013.jpg,media/1630036821057.jpg,adopsipohonriau/174
175,MT1041,Tempunik,Artocarpus rigidus,Pohon Dewasa,icon/mature_tree.svg,-,42,20,Tahura Sultan Syarif Qasim,Mineral,Km 1,0.6751932,101.428181,67.00079247,1.66,Belum,-,-,-,8/27/2021 3:28,"200,000.00","2,213.80",-,Krisnawati et al. (2012),media/1630049367150.jpg,media/1630049501925.jpg,media/1630049490947.jpg,media/1630049479141.jpg,adopsipohonriau/175
176,MT1042,Terap,Artocarpus elasticus,Pohon Dewasa,icon/mature_tree.svg,-,41,17,Tahura Sultan Syarif Qasim,Mineral,Km 1,0.6751328,101.428378,13.00793885,1.66,Belum,-,-,-,8/27/2021 4:33,"200,000.00","1,613.85",-,Krisnawati et al. (2012),media/1630049557850.jpg,media/1630049616727.jpg,media/1630049606651.jpg,media/1630049573820.jpg,adopsipohonriau/176
177,MT1043,Gerunggang,Cratoxylon arborescans,Pohon Muda,icon/young_tree.svg,-,31,17,Tahura Sultan Syarif Qasim,Mineral,Km 1,0.675257,101.4283033,58.07684121,1.64,Belum,-,-,-,8/27/2021 5:33,"50,000.00","1,206.14",-,Brown (1997),media/1630049686570.jpg,media/1630049722394.jpg,media/1630049713501.jpg,media/1630049675707.jpg,adopsipohonriau/177
178,MT1044,Terap,Artocarpus elasticus,Pohon Muda,icon/young_tree.svg,-,35,17,Tahura Sultan Syarif Qasim,Mineral,Km 1,0.6751036,101.4284651,44.40981556,1.64,Belum,-,-,-,8/27/2021 6:36,"50,000.00","1,185.03",-,Krisnawati et al. (2012),media/1630049880176.jpg,media/1630049866204.jpg,media/1630049856058.jpg,media/1630049835650.jpg,adopsipohonriau/178
179,MT1045,Terap,Artocarpus elasticus,Pohon Muda,icon/young_tree.svg,-,37,16,Tahura Sultan Syarif Qasim,Mineral,Km 1,0.6751041,101.4283753,40.61623906,1.65,Belum,-,-,-,8/27/2021 7:38,"50,000.00","1,244.92",-,Krisnawati et al. (2012),media/1630050010858.jpg,media/1630050000463.jpg,media/1630049988378.jpg,media/1630049952320.jpg,adopsipohonriau/179
180,MT1046,Tempunik,Artocarpus rigidus,Pohon Dewasa,icon/mature_tree.svg,-,44,18,Tahura Sultan Syarif Qasim,Mineral,Km 1,0.6750357,101.4282381,75.94646366,1.64,Belum,-,-,-,8/27/2021 8:40,"200,000.00","2,187.34",-,Krisnawati et al. (2012),media/1630050091177.jpg,media/1630050137008.jpg,media/1630050127638.jpg,media/1630050079239.jpg,adopsipohonriau/180
181,MT1047,Parak,Aglaia sp.,Pohon Muda,icon/young_tree.svg,-,30,16,Tahura Sultan Syarif Qasim,Mineral,Km 1,0.6750021,101.4283428,37.77425428,1.64,Belum,-,-,-,8/27/2021 9:42,"50,000.00","1,477.31",-,Krisnawati et al. (2012),media/1630050198044.jpg,media/1630050246482.jpg,media/1630050236950.jpg,media/1630050179396.jpg,adopsipohonriau/181
182,MT1048,Jelutung Pipit,Kibatalia maingayi,Pohon Dewasa,icon/mature_tree.svg,-,46,21,Tahura Sultan Syarif Qasim,Mineral,Km 1,0.6749854,101.4283724,45.77906483,1.62,Belum,-,-,-,8/27/2021 10:44,"200,000.00","2,592.91",-,Krisnawati et al. (2012),media/1630050335724.jpg,media/1630050390832.jpg,media/1630050378246.jpg,media/1630050320230.jpg,adopsipohonriau/182
183,MT1049,Balam Putih,Madhuca ovata ,Pohon Muda,icon/young_tree.svg,-,32,18,Tahura Sultan Syarif Qasim,Mineral,Km 1,0.6749468,101.4282459,39.71305565,1.62,Belum,-,-,-,8/27/2021 11:48,"50,000.00","1,376.44",-,Krisnawati et al. (2012),media/1630050508807.jpg,media/1630050695703.jpg,media/1630050686641.jpg,media/1630050673792.jpg,adopsipohonriau/183
184,MT1050,Parak,Aglaia sp.,Pohon Muda,icon/young_tree.svg,-,30,17,Tahura Sultan Syarif Qasim,Mineral,Km 1,0.6750007,101.4283511,47.06245473,1.62,Belum,-,-,-,8/27/2021 12:53,"50,000.00","1,567.36",-,Krisnawati et al. (2012),media/1630050804365.jpg,media/1630050860498.jpg,media/1630050851433.jpg,media/1630050817943.jpg,adopsipohonriau/184
185,MT1051,Bangkinang Gunung,-,Pohon Dewasa,icon/mature_tree.svg,-,40,18,Tahura Sultan Syarif Qasim,Mineral,Km 1,0.6749667,101.4281096,10.43081482,1.61,Belum,-,-,-,8/27/2021 1:55,"200,000.00","2,298.60",-,Brown (1997),media/1630050949554.jpg,media/1630051011072.jpg,media/1630050996395.jpg,media/1630050958355.jpg,adopsipohonriau/185
186,MT1052,Terap,Artocarpus elasticus,Pohon Muda,icon/young_tree.svg,-,32,20,Tahura Sultan Syarif Qasim,Mineral,Km 1,0.6749361,101.4281083,-,1.62,Belum,-,-,-,8/27/2021 2:57,"50,000.00","1,165.87",-,Krisnawati et al. (2012),media/1630051057700.jpg,media/1630051126965.jpg,media/1630051116786.jpg,media/1630051066529.jpg,adopsipohonriau/186
187,MT1053,Cempedak Air,Artocarpus teysmanii ,Pohon Muda,icon/young_tree.svg,-,39,19,Tahura Sultan Syarif Qasim,Mineral,Km 1,0.675066,101.428114,33.09138717,1.61,Belum,-,-,-,8/27/2021 3:59,"50,000.00","2,155.98",-,Brown (1997),media/1630051188643.jpg,media/1630051231418.jpg,media/1630051219357.jpg,media/1630051210237.jpg,adopsipohonriau/187
188,MT1054,Medang,Litsea angulata,Pohon Muda,icon/young_tree.svg,-,30,18,Tahura Sultan Syarif Qasim,Mineral,Km 1,0.6751016,101.4282402,33.06495726,0,Belum,-,-,-,8/27/2021 5:01,"50,000.00","1,014.94",-,Krisnawati et al. (2012),media/1630051316627.jpg,media/1630051353695.jpg,media/1630051344391.jpg,media/1630051299677.jpg,adopsipohonriau/188
189,MT1055,Medang,Litsea angulata,Pohon Muda,icon/young_tree.svg,-,32,17,Tahura Sultan Syarif Qasim,Mineral,Km 1,0.6751025,101.4281189,56.81748797,1.62,Belum,-,-,-,8/27/2021 6:03,"50,000.00","1,088.74",-,Krisnawati et al. (2012),media/1630051423727.jpg,media/1630051489517.jpg,media/1630051471071.jpg,media/1630051412087.jpg,adopsipohonriau/189
190,MT1056,Rambutan,Nephelium lappaceum,Pohon Muda,icon/young_tree.svg,Least Concern,33,18,Tahura Sultan Syarif Qasim,Mineral,Km 1,0.6751043,101.4282806,41.9074629,1.63,Belum,-,-,-,8/27/2021 7:05,"50,000.00","1,771.80",-,Krisnawati et al. (2012),media/1630051570241.jpg,media/1630051640701.jpg,media/1630051613766.jpg,media/1630051600059.jpg,adopsipohonriau/190
191,MT1057,Siluk,Gironniera parvifolia,Pohon Muda,icon/young_tree.svg,-,31,16,Tahura Sultan Syarif Qasim,Mineral,Km 1,0.6750325,101.4282686,32.03300942,1.63,Belum,-,-,-,8/27/2021 8:08,"50,000.00","1,206.14",-,Brown (1997),media/1630051780093.jpg,media/1630051769873.jpg,media/1630051757332.jpg,media/1630051730950.jpg,adopsipohonriau/191
192,MT1080,Pudu,Artocarpus kemando,Pohon Muda,icon/young_tree.svg,-,39,16,Tahura Sultan Syarif Qasim,Mineral,Km 1,0.6747546,101.4282282,12.0040302,1.63,Belum,-,-,-,9/2/2021 4:17,"50,000.00","1,452.24",-,Krisnawati et al. (2012),media/1630552892682.jpg,media/1630552849278.jpg,media/1630552746551.jpg,media/1630553042031.jpg,adopsipohonriau/192
193,MT1081,Pagar-pagar,Ixonanthes icosandra,Pohon Dewasa,icon/mature_tree.svg,-,102,22,Tahura Sultan Syarif Qasim,Mineral,Km 1,0.67469,101.4285719,57.44947313,1.59,Belum,-,-,-,9/2/2021 5:17,"200,000.00","17,745.40",-,Krisnawati et al. (2012),media/1630553865481.jpg,media/1630553838873.jpg,media/1630553814827.jpg,media/1630553881196.jpg,adopsipohonriau/193
194,MR1090,Medang,Litsea angulata,Pohon Dewasa,icon/mature_tree.svg,-,43,16,Tahura Sultan Syarif Qasim,Mineral,Minastahura,0.6744763,101.4289254,31.86206083,1.58,Belum,-,-,-,9/2/2021 6:37,"200,000.00","1,826.87",-,Krisnawati et al. (2012),media/1630557623667.jpg,media/1630557607744.jpg,media/1630557563996.jpg,media/1630557644187.jpg,adopsipohonriau/194
195,MT1087,Terap,Artocarpus elasticus,Pohon Dewasa,icon/mature_tree.svg,-,40,16,Tahura Sultan Syarif Qasim,Mineral,Km 1,0.6733183,101.4305435,39.4459434,1.59,Belum,-,-,-,9/2/2021 8:40,"200,000.00","1,449.55",-,Krisnawati et al. (2012),media/1630556177528.jpg,media/1630556142336.jpg,media/1630556118130.jpg,media/1630556200093.jpg,adopsipohonriau/195
196,MT1088,Sendok-Sendok,Endospermus malaccanse,Pohon Dewasa,icon/mature_tree.svg,-,64,20,Tahura Sultan Syarif Qasim,Mineral,Km 1,0.6744737,101.4289114,74.27574782,1.59,Belum,-,-,-,9/2/2021 8:17,"200,000.00","7,548.95",-,Brown (1997),media/1630556481748.jpg,media/1630556468812.jpg,media/1630556451540.jpg,media/1630556497361.jpg,adopsipohonriau/196
197,MT1084,Sendok-Sendok,Endospermus malaccanse,Pohon Muda,icon/young_tree.svg,-,30,18,Tahura Sultan Syarif Qasim,Mineral,TAHURA SSH KM1,0.6746055,101.4285189,75.60426158,1.55,Belum,-,-,-,9/2/2021 10:12,"50,000.00","1,110.12",-,Brown (1997),media/1630554908082.jpg,media/1630554887500.jpg,media/1630554868703.jpg,media/1630554932907.jpg,adopsipohonriau/197
198,MT1086,Sendok-Sendok,Endospermus malaccanse,Pohon Dewasa,icon/mature_tree.svg,-,47,17,Tahura Sultan Syarif Qasim,Mineral,Km 1,0.6743915,101.4285557,68.28343856,1.59,Belum,-,-,-,9/2/2021 11:22,"200,000.00","3,456.68",-,Brown (1997),media/1630555544133.jpg,media/1630555519503.jpg,media/1630555497965.jpg,media/1630555570239.jpg,adopsipohonriau/198
199,MT1083,Sendok-Sendok,Endospermus malaccanse,Pohon Dewasa,icon/mature_tree.svg,-,45,15,Tahura Sultan Syarif Qasim,Mineral,Km 1,0.6745296,101.4287766,68.39036638,1.57,Belum,-,-,-,9/2/2021 11:55,"200,000.00","3,096.56",-,Brown (1997),media/1630554621836.jpg,media/1630554605736.jpg,media/1630554591795.jpg,media/1630554640669.jpg,adopsipohonriau/199
200,MT1089,Sendok-Sendok,Endospermus malaccanse,Pohon Dewasa,icon/mature_tree.svg,-,51,17,Tahura Sultan Syarif Qasim,Mineral,Km 1,0.6739657,101.429287,58.00091666,1.63,Belum,-,-,-,9/2/2021 12:17,"200,000.00","4,250.15",-,Brown (1997),media/1630557254166.jpg,media/1630557240798.jpg,media/1630557170104.jpg,media/1630557279526.jpg,adopsipohonriau/200
201,MT1082,Keranji,Diallium indum,Pohon Dewasa,icon/mature_tree.svg,-,50,15,Tahura Sultan Syarif Qasim,Mineral,Km 1,0.6746777,101.4286011,39.8382837,1.59,Belum,-,-,-,9/2/2021 2:05,"200,000.00","4,042.46",-,Brown (1997),media/1630554247940.jpg,media/1630554231074.jpg,media/1630554182138.jpg,media/1630554270875.jpg,adopsipohonriau/201
202,MT1085,Rambutan,Nephelium lappaceum,Pohon Dewasa,icon/mature_tree.svg,Least Concern,40,18,Tahura Sultan Syarif Qasim,Mineral,Km 1,0.6745204,101.4285864,67.17240826,1.23,Belum,-,-,-,9/2/2021 2:17,"200,000.00","2,579.26",-,Krisnawati et al. (2012),media/1630555341563.jpg,media/1630555325898.jpg,media/1630555268473.jpg,media/1630555362912.jpg,adopsipohonriau/202
203,MT1058,Belayang,Aglaia spectabilis ,Pohon Dewasa,icon/mature_tree.svg,-,42,30, ,Mineral,Kompos,0.6739415,101.4309248,92.0352097,1.58,Belum,-,-,-,9/2/2021 3:50,"200,000.00","2,600.59",-,Brown (1997),media/1630553301515.jpg,media/1630553144836.jpg,media/1630553112439.jpg,media/1630553491584.jpg,adopsipohonriau/203
204,MT1105,Balam,Palaquium sp.,Pohon Muda,icon/young_tree.svg,-,33,22,Tahura Sultan Syarif Qasim,Mineral,GH,0.6750635,101.4295373,82.85096111,1.55,Belum,-,-,-,9/2/2021 5:30,"50,000.00","1,588.68",-,Krisnawati et al. (2012),media/1630554308510.jpg,media/1630554268802.jpg,media/1630554242942.jpg,media/1630554324911.jpg,adopsipohonriau/204
205,MT1059,Mendarahan,Knema glauca,Pohon Dewasa,icon/mature_tree.svg,-,44,25, ,Mineral,Kompos,0.6740027,101.4310104,93.11611766,1.64,Belum,-,-,-,9/2/2021 5:17,"200,000.00","2,790.91",-,Krisnawati et al. (2012),media/1630554299569.jpg,media/1630554229643.jpg,media/1630554192847.jpg,media/1630554420951.jpg,adopsipohonriau/205
206,MT1060,Tembesu,Fragaea fragrans,Pohon Dewasa,icon/mature_tree.svg,-,45,15,Tahura Sultan Syarif Qasim,Mineral,Kompos,0.673128,101.4308889,66.841646,1.63,Belum,-,-,-,9/2/2021 6:17,"200,000.00","3,096.56",-,Brown (1997),media/1630555187846.jpg,media/1630555114664.jpg,media/1630555092385.jpg,media/1630555210690.jpg,adopsipohonriau/206
207,MT1104,Sendok-Sendok,Endospermus malaccanse,Pohon Dewasa,icon/mature_tree.svg,-,41,20,Tahura Sultan Syarif Qasim,Mineral,GH,0.6748438,101.4294902,83.05625771,1.64,Belum,-,-,-,9/2/2021 7:43,"200,000.00","2,446.78",-,Brown (1997),media/1630553979069.jpg,media/1630553948758.jpg,media/1630553921409.jpg,media/1630554050481.jpg,adopsipohonriau/207